{
  "dataset": "3_90",
  "fold": 3,
  "threshold": "90",
  "model": "lightgbm",
  "best_params": {
    "number_trees": 300,
    "max_tree_depth": 6,
    "boosting_type": "dart",
    "bagging_fraction": 0.4563195775984951,
    "bagging_freq": 2,
    "learning_rate": 0.08417245745774311,
    "l1_norm": 0.00041673381818284756,
    "l2_norm": 0.0005283775647531673
  },
  "best_optuna_loss": 5266.9540892106725
}