{
  "dataset": "0_85",
  "fold": 0,
  "threshold": "85",
  "model": "lightgbm",
  "best_params": {
    "number_trees": 119,
    "max_tree_depth": 4,
    "boosting_type": "dart",
    "bagging_fraction": 0.23713628005065854,
    "bagging_freq": 3,
    "learning_rate": 0.14770429886804406,
    "l1_norm": 0.00046063655997193227,
    "l2_norm": 0.0008894472608021271
  },
  "best_optuna_loss": 6161.532902741221
}