{
  "dataset": "2_95",
  "fold": 2,
  "threshold": "95",
  "model": "lightgbm",
  "best_params": {
    "number_trees": 150,
    "max_tree_depth": 13,
    "boosting_type": "dart",
    "bagging_fraction": 0.19763921593234873,
    "bagging_freq": 2,
    "learning_rate": 0.05242766557176432,
    "l1_norm": 8.916447544068314e-06,
    "l2_norm": 1.9230948319552314e-05
  },
  "best_optuna_loss": 4821.82674712531
}