{
  "dataset": "4_95",
  "fold": 4,
  "threshold": "95",
  "model": "lightgbm",
  "best_params": {
    "number_trees": 167,
    "max_tree_depth": 19,
    "boosting_type": "dart",
    "bagging_fraction": 0.3247395687275909,
    "bagging_freq": 1,
    "learning_rate": 0.2835651234182081,
    "l1_norm": 0.00038448696954575734,
    "l2_norm": 0.0002529653898303426
  },
  "best_optuna_loss": 5798.529660880906
}