{
  "dataset": "1_1",
  "fold": 1,
  "threshold": "1",
  "model": "lightgbm",
  "best_params": {
    "number_trees": 72,
    "max_tree_depth": 18,
    "boosting_type": "dart",
    "bagging_fraction": 0.5426253970612477,
    "bagging_freq": 7,
    "learning_rate": 0.1647195626617939,
    "l1_norm": 0.0001343448530759062,
    "l2_norm": 2.8304439557087193e-05
  },
  "best_optuna_loss": 3856.288162677988
}