{
  "dataset": "3_85",
  "fold": 3,
  "threshold": "85",
  "model": "lightgbm",
  "best_params": {
    "number_trees": 63,
    "max_tree_depth": 3,
    "boosting_type": "dart",
    "bagging_fraction": 0.8616001437971017,
    "bagging_freq": 0,
    "learning_rate": 0.8164951226615668,
    "l1_norm": 0.0005698236458557804,
    "l2_norm": 4.985427266118507e-05
  },
  "best_optuna_loss": 4418.649623436748
}