{
  "dataset": "4_1",
  "fold": 4,
  "threshold": "1",
  "model": "lightgbm",
  "best_params": {
    "number_trees": 160,
    "max_tree_depth": 19,
    "boosting_type": "dart",
    "bagging_fraction": 0.48873611205657685,
    "bagging_freq": 5,
    "learning_rate": 0.334877196863098,
    "l1_norm": 0.0009229656559849679,
    "l2_norm": 0.0002749427662654995
  },
  "best_optuna_loss": 5607.016755669361
}