{
  "dataset": "4_1",
  "fold": 4,
  "threshold": "1",
  "model": "lightgbm",
  "best_params": {
    "number_trees": 280,
    "max_tree_depth": 5,
    "boosting_type": "gbdt",
    "bagging_fraction": 0.17478898892974262,
    "bagging_freq": 2,
    "learning_rate": 0.14102547648740962,
    "l1_norm": 0.00026289777534204567,
    "l2_norm": 0.00026727988570126893
  },
  "best_optuna_loss": 9932.605693390145
}