{
  "dataset": "3_85",
  "fold": 3,
  "threshold": "85",
  "model": "lightgbm",
  "best_params": {
    "number_trees": 204,
    "max_tree_depth": 22,
    "boosting_type": "dart",
    "bagging_fraction": 0.6215542673783475,
    "bagging_freq": 10,
    "learning_rate": 0.08766327314737449,
    "l1_norm": 0.00022862502107435847,
    "l2_norm": 0.00045759868325962643
  },
  "best_optuna_loss": 5960.105049068607
}