{
  "dataset": "1_85",
  "fold": 1,
  "threshold": "85",
  "model": "lightgbm",
  "best_params": {
    "number_trees": 260,
    "max_tree_depth": 4,
    "boosting_type": "dart",
    "bagging_fraction": 0.2148018086840632,
    "bagging_freq": 2,
    "learning_rate": 0.260132804108952,
    "l1_norm": 0.000557459016315781,
    "l2_norm": 0.00032891229462969943
  },
  "best_optuna_loss": 4463.656017355068
}