{
  "dataset": "4_1",
  "fold": 4,
  "threshold": "1",
  "model": "lightgbm",
  "best_params": {
    "number_trees": 149,
    "max_tree_depth": 20,
    "boosting_type": "dart",
    "bagging_fraction": 0.4919186266612543,
    "bagging_freq": 8,
    "learning_rate": 0.2961168736178935,
    "l1_norm": 0.0008175662767019907,
    "l2_norm": 0.000607845505363139
  },
  "best_optuna_loss": 6065.834826388157
}