{
  "dataset": "0_1",
  "fold": 0,
  "threshold": "1",
  "model": "lightgbm",
  "best_params": {
    "number_trees": 45,
    "max_tree_depth": 24,
    "boosting_type": "dart",
    "bagging_fraction": 0.4358689678574183,
    "bagging_freq": 1,
    "learning_rate": 0.10875644193264472,
    "l1_norm": 0.0005053701107746988,
    "l2_norm": 0.00036024181344080746
  },
  "best_optuna_loss": 1859.5917501303818
}