{
  "dataset": "3_1",
  "fold": 3,
  "threshold": "1",
  "model": "lightgbm",
  "best_params": {
    "number_trees": 153,
    "max_tree_depth": 7,
    "boosting_type": "dart",
    "bagging_fraction": 0.17319518767903705,
    "bagging_freq": 8,
    "learning_rate": 0.20771378835712018,
    "l1_norm": 0.0009764008072976946,
    "l2_norm": 0.00039173408898225757
  },
  "best_optuna_loss": 4385.565867675475
}