{
  "dataset": "2_85",
  "fold": 2,
  "threshold": "85",
  "model": "lightgbm",
  "best_params": {
    "number_trees": 248,
    "max_tree_depth": 22,
    "boosting_type": "dart",
    "bagging_fraction": 0.13416100745972093,
    "bagging_freq": 3,
    "learning_rate": 0.09909997544997225,
    "l1_norm": 0.0003888974316143058,
    "l2_norm": 0.0004962080553253037
  },
  "best_optuna_loss": 7477.318204546223
}