{
  "dataset": "1_95",
  "fold": 1,
  "threshold": "95",
  "model": "lightgbm",
  "best_params": {
    "number_trees": 10,
    "max_tree_depth": 5,
    "boosting_type": "dart",
    "bagging_fraction": 0.9314178787592827,
    "bagging_freq": 4,
    "learning_rate": 0.4749864611233979,
    "l1_norm": 0.0005964068530026806,
    "l2_norm": 0.0005108969000190575
  },
  "best_optuna_loss": 3533.301949675081
}