{
  "dataset": "2_1",
  "fold": 2,
  "threshold": "1",
  "model": "lightgbm",
  "best_params": {
    "number_trees": 130,
    "max_tree_depth": 9,
    "boosting_type": "dart",
    "bagging_fraction": 0.15510736104355607,
    "bagging_freq": 5,
    "learning_rate": 0.09100582090164878,
    "l1_norm": 0.0004077995027682429,
    "l2_norm": 0.0004545269055446062
  },
  "best_optuna_loss": 4747.214293254273
}