{
  "dataset": "3_1",
  "fold": 3,
  "threshold": "1",
  "model": "lightgbm",
  "best_params": {
    "number_trees": 163,
    "max_tree_depth": 12,
    "boosting_type": "gbdt",
    "bagging_fraction": 0.1874906013464987,
    "bagging_freq": 2,
    "learning_rate": 0.04931830811597937,
    "l1_norm": 3.78528601358768e-05,
    "l2_norm": 6.934817696467284e-05
  },
  "best_optuna_loss": 4467.362185129075
}