{
  "dataset": "4_95",
  "fold": 4,
  "threshold": "95",
  "model": "lightgbm",
  "best_params": {
    "number_trees": 11,
    "max_tree_depth": 10,
    "boosting_type": "gbdt",
    "bagging_fraction": 0.7275892137295462,
    "bagging_freq": 9,
    "learning_rate": 0.7765035098548569,
    "l1_norm": 0.0008590867931774041,
    "l2_norm": 0.0008458742059038011
  },
  "best_optuna_loss": 9543.74183250476
}