{
  "dataset": "4_90",
  "fold": 4,
  "threshold": "90",
  "model": "lightgbm",
  "best_params": {
    "number_trees": 114,
    "max_tree_depth": 22,
    "boosting_type": "gbdt",
    "bagging_fraction": 0.6403390244866738,
    "bagging_freq": 2,
    "learning_rate": 0.04593880749744618,
    "l1_norm": 0.0001593273868987495,
    "l2_norm": 0.00035575329951774946
  },
  "best_optuna_loss": 10740.359552951644
}