{
  "dataset": "2_85",
  "fold": 2,
  "threshold": "85",
  "model": "lightgbm",
  "best_params": {
    "number_trees": 124,
    "max_tree_depth": 9,
    "boosting_type": "dart",
    "bagging_fraction": 0.8931789600641888,
    "bagging_freq": 4,
    "learning_rate": 0.6969313273120923,
    "l1_norm": 0.0007773926432582108,
    "l2_norm": 0.0007749495029028036
  },
  "best_optuna_loss": 5956.186267060614
}