{
  "dataset": "2_90",
  "fold": 2,
  "threshold": "90",
  "model": "lightgbm",
  "best_params": {
    "number_trees": 196,
    "max_tree_depth": 8,
    "boosting_type": "dart",
    "bagging_fraction": 0.21597479172572862,
    "bagging_freq": 6,
    "learning_rate": 0.047771858443441666,
    "l1_norm": 0.00024211490390331632,
    "l2_norm": 0.00024697298756096484
  },
  "best_optuna_loss": 4892.578501316898
}