{
  "dataset": "0_95",
  "fold": 0,
  "threshold": "95",
  "model": "lightgbm",
  "best_params": {
    "number_trees": 152,
    "max_tree_depth": 9,
    "boosting_type": "dart",
    "bagging_fraction": 0.1888636729509035,
    "bagging_freq": 5,
    "learning_rate": 0.1440475631272769,
    "l1_norm": 8.072176947912618e-05,
    "l2_norm": 0.0009843271470289863
  },
  "best_optuna_loss": 6005.994076914507
}