{
  "dataset": "0_95",
  "fold": 0,
  "threshold": "95",
  "model": "lightgbm",
  "best_params": {
    "number_trees": 128,
    "max_tree_depth": 17,
    "boosting_type": "dart",
    "bagging_fraction": 0.18802952375968424,
    "bagging_freq": 2,
    "learning_rate": 0.1520641270061539,
    "l1_norm": 0.00028555570666369354,
    "l2_norm": 0.0006642425631736408
  },
  "best_optuna_loss": 6142.1477598063575
}