{
  "dataset": "0_85",
  "fold": 0,
  "threshold": "85",
  "model": "lightgbm",
  "best_params": {
    "number_trees": 133,
    "max_tree_depth": 25,
    "boosting_type": "dart",
    "bagging_fraction": 0.24850192371445573,
    "bagging_freq": 2,
    "learning_rate": 0.10674437956883583,
    "l1_norm": 0.0003361784139232808,
    "l2_norm": 0.000489812984138424
  },
  "best_optuna_loss": 6526.517582983394
}