{
  "dataset": "0_90",
  "fold": 0,
  "threshold": "90",
  "model": "lightgbm",
  "best_params": {
    "number_trees": 197,
    "max_tree_depth": 6,
    "boosting_type": "dart",
    "bagging_fraction": 0.3992937731417043,
    "bagging_freq": 1,
    "learning_rate": 0.04944486919713962,
    "l1_norm": 0.00015285854475607393,
    "l2_norm": 0.0007345122445116005
  },
  "best_optuna_loss": 2380.4740179547284
}