{
  "dataset": "1_1",
  "fold": 1,
  "threshold": "1",
  "model": "lightgbm",
  "best_params": {
    "number_trees": 146,
    "max_tree_depth": 25,
    "boosting_type": "dart",
    "bagging_fraction": 0.40987432338890895,
    "bagging_freq": 6,
    "learning_rate": 0.0787409043384181,
    "l1_norm": 0.0007291015672717142,
    "l2_norm": 0.0009888658740959254
  },
  "best_optuna_loss": 3846.4560167321956
}