{
  "dataset": "3_1",
  "fold": 3,
  "threshold": "1",
  "model": "lightgbm",
  "best_params": {
    "number_trees": 284,
    "max_tree_depth": 6,
    "boosting_type": "dart",
    "bagging_fraction": 0.4087319666981606,
    "bagging_freq": 7,
    "learning_rate": 0.11299186753489723,
    "l1_norm": 0.0008497033147834765,
    "l2_norm": 0.0006790294958406038
  },
  "best_optuna_loss": 4274.9805698905375
}