{
  "dataset": "0_1",
  "fold": 0,
  "threshold": "1",
  "model": "lightgbm",
  "best_params": {
    "number_trees": 120,
    "max_tree_depth": 6,
    "boosting_type": "dart",
    "bagging_fraction": 0.21628981398600422,
    "bagging_freq": 7,
    "learning_rate": 0.15253369069176093,
    "l1_norm": 0.0005671785295950157,
    "l2_norm": 8.229054773999363e-05
  },
  "best_optuna_loss": 5659.54153322452
}