{
  "dataset": "2_1",
  "fold": 2,
  "threshold": "1",
  "model": "lightgbm",
  "best_params": {
    "number_trees": 191,
    "max_tree_depth": 4,
    "boosting_type": "dart",
    "bagging_fraction": 0.8046389275367603,
    "bagging_freq": 5,
    "learning_rate": 0.48067368937343363,
    "l1_norm": 0.00021093376524500854,
    "l2_norm": 9.069706009853371e-05
  },
  "best_optuna_loss": 7120.4924977531755
}