{
  "dataset": "1_90",
  "fold": 1,
  "threshold": "90",
  "model": "lightgbm",
  "best_params": {
    "number_trees": 25,
    "max_tree_depth": 15,
    "boosting_type": "dart",
    "bagging_fraction": 0.7630894609339414,
    "bagging_freq": 4,
    "learning_rate": 0.28888333158270146,
    "l1_norm": 0.00048062440584608045,
    "l2_norm": 0.00046753863252651563
  },
  "best_optuna_loss": 3976.4779578831194
}