{
  "dataset": "3_95",
  "fold": 3,
  "threshold": "95",
  "model": "lightgbm",
  "best_params": {
    "number_trees": 19,
    "max_tree_depth": 19,
    "boosting_type": "dart",
    "bagging_fraction": 0.46095487687870673,
    "bagging_freq": 5,
    "learning_rate": 0.524896761749767,
    "l1_norm": 0.0005002728435191062,
    "l2_norm": 0.000590531229594148
  },
  "best_optuna_loss": 4279.274496607
}