{
  "dataset": "1_95",
  "fold": 1,
  "threshold": "95",
  "model": "lightgbm",
  "best_params": {
    "number_trees": 155,
    "max_tree_depth": 23,
    "boosting_type": "gbdt",
    "bagging_fraction": 0.15963767744738339,
    "bagging_freq": 7,
    "learning_rate": 0.03221008069622922,
    "l1_norm": 0.000333836390659654,
    "l2_norm": 0.00010370151978825648
  },
  "best_optuna_loss": 3642.775088244909
}