{
  "dataset": "1_95",
  "fold": 1,
  "threshold": "95",
  "model": "xgboost",
  "best_params": {
    "n_estimators": 252,
    "max_depth": 22,
    "booster": "gbtree",
    "subsample": 0.5047131996161806,
    "learning_rate": 0.14826886184168922,
    "reg_alpha": 0.0009735814831929638,
    "reg_lambda": 8.840366725705541e-05
  },
  "best_optuna_loss": 3413.9990234375
}