{
  "dataset": "4_95",
  "fold": 4,
  "threshold": "95",
  "model": "xgboost",
  "best_params": {
    "number_trees": 16,
    "max_tree_depth": 20,
    "boosting_type": "dart",
    "subsample": 0.4358820616626654,
    "learning_rate": 0.0004951257541263099,
    "l1_norm": 0.00041950846890325853,
    "l2_norm": 8.597007011029777e-05
  },
  "best_optuna_loss": 26297.236328125
}