{
  "dataset": "4_1",
  "fold": 4,
  "threshold": "1",
  "model": "xgboost",
  "best_params": {
    "number_trees": 28,
    "max_tree_depth": 8,
    "boosting_type": "gbtree",
    "subsample": 0.2927389342294891,
    "learning_rate": 0.0018111197475790828,
    "l1_norm": 0.00042154912062677356,
    "l2_norm": 0.0006553067447641547
  },
  "best_optuna_loss": 26212.255859375
}