{
  "dataset": "0_85",
  "fold": 0,
  "threshold": "85",
  "model": "xgboost",
  "best_params": {
    "number_trees": 18,
    "max_tree_depth": 8,
    "boosting_type": "gbtree",
    "subsample": 0.12591073993532662,
    "learning_rate": 0.045426541439619716,
    "l1_norm": 0.00028161949406736166,
    "l2_norm": 0.0005553051030150579
  },
  "best_optuna_loss": 24875.421875
}