{
  "dataset": "2_1",
  "fold": 2,
  "threshold": "1",
  "model": "xgboost",
  "best_params": {
    "n_estimators": 14,
    "max_depth": 8,
    "booster": "dart",
    "subsample": 0.1735657342742709,
    "learning_rate": 0.09587598446748972,
    "reg_alpha": 1.0214975682795767e-06,
    "reg_lambda": 0.0008713496569449876
  },
  "best_optuna_loss": 5328.201171875
}