{
  "dataset": "4_95",
  "fold": 4,
  "threshold": "95",
  "model": "xgboost",
  "best_params": {
    "n_estimators": 286,
    "max_depth": 14,
    "booster": "gbtree",
    "subsample": 0.3449577098670306,
    "learning_rate": 0.22137797141554333,
    "reg_alpha": 0.00036000904503833764,
    "reg_lambda": 0.0002425222836548209
  },
  "best_optuna_loss": 7607.267578125
}