{
  "dataset": "4_85",
  "fold": 4,
  "threshold": "85",
  "model": "xgboost",
  "best_params": {
    "n_estimators": 174,
    "max_depth": 21,
    "booster": "dart",
    "subsample": 0.5643444184986315,
    "learning_rate": 0.5687740754622556,
    "reg_alpha": 0.0005427358468955536,
    "reg_lambda": 0.0008991941684362573
  },
  "best_optuna_loss": 7926.9833984375
}