{
  "dataset": "1_1",
  "fold": 1,
  "threshold": "1",
  "model": "xgboost",
  "best_params": {
    "n_estimators": 60,
    "max_depth": 3,
    "booster": "gbtree",
    "subsample": 0.5710634200742676,
    "learning_rate": 0.042578912489508125,
    "reg_alpha": 0.0009351163984875177,
    "reg_lambda": 0.0009090012621674431
  },
  "best_optuna_loss": 3800.07177734375
}