{
  "dataset": "3_85",
  "fold": 3,
  "threshold": "85",
  "model": "xgboost",
  "best_params": {
    "n_estimators": 263,
    "max_depth": 5,
    "booster": "gbtree",
    "subsample": 0.8859542654452277,
    "learning_rate": 0.5302817890354783,
    "reg_alpha": 0.0008101093050584649,
    "reg_lambda": 0.0008005050618240615
  },
  "best_optuna_loss": 7249.9248046875
}