{
  "dataset": "1_1",
  "fold": 1,
  "threshold": "1",
  "model": "xgboost",
  "best_params": {
    "number_trees": 72,
    "max_tree_depth": 10,
    "boosting_type": "dart",
    "subsample": 0.10200075777115233,
    "learning_rate": 0.001537032312774242,
    "l1_norm": 0.0001627644920562209,
    "l2_norm": 0.00027131410394086203
  },
  "best_optuna_loss": 26983.587890625
}