{
  "dataset": "1_85",
  "fold": 1,
  "threshold": "85",
  "model": "xgboost",
  "best_params": {
    "n_estimators": 193,
    "max_depth": 3,
    "booster": "gbtree",
    "subsample": 0.3761382687725669,
    "learning_rate": 0.05492058469892405,
    "reg_alpha": 0.0008432831704233591,
    "reg_lambda": 0.0003847050329297841
  },
  "best_optuna_loss": 7249.1650390625
}