{
  "dataset": "2_95",
  "fold": 2,
  "threshold": "95",
  "model": "xgboost",
  "best_params": {
    "n_estimators": 106,
    "max_depth": 8,
    "booster": "dart",
    "subsample": 0.10422983511746747,
    "learning_rate": 0.014594259788023096,
    "reg_alpha": 0.0003499435436542546,
    "reg_lambda": 0.0004127822320688784
  },
  "best_optuna_loss": 5637.4453125
}