{
  "dataset": "0_85",
  "fold": 0,
  "threshold": "85",
  "model": "xgboost",
  "best_params": {
    "n_estimators": 30,
    "max_depth": 4,
    "booster": "dart",
    "subsample": 0.9986122460438811,
    "learning_rate": 0.06811960829858124,
    "reg_alpha": 0.0007523557156680477,
    "reg_lambda": 3.372447398312306e-05
  },
  "best_optuna_loss": 3908.070068359375
}