{
  "dataset": "0_90",
  "fold": 0,
  "threshold": "90",
  "model": "xgboost",
  "best_params": {
    "n_estimators": 15,
    "max_depth": 5,
    "booster": "gbtree",
    "subsample": 0.667414261603352,
    "learning_rate": 0.1231662690688366,
    "reg_alpha": 0.00033420096974780034,
    "reg_lambda": 0.00064628148769223
  },
  "best_optuna_loss": 2730.5244140625
}