{
  "dataset": "3_90",
  "fold": 3,
  "threshold": "90",
  "model": "xgboost",
  "best_params": {
    "n_estimators": 72,
    "max_depth": 4,
    "booster": "dart",
    "subsample": 0.21792045591825826,
    "learning_rate": 0.10881767674650236,
    "reg_alpha": 0.0004603678349983112,
    "reg_lambda": 0.0005567848828129736
  },
  "best_optuna_loss": 3754.770263671875
}