{
  "dataset": "2_85",
  "fold": 2,
  "threshold": "85",
  "model": "xgboost",
  "best_params": {
    "number_trees": 54,
    "max_tree_depth": 13,
    "boosting_type": "dart",
    "subsample": 0.9965785904373142,
    "learning_rate": 0.002383150718678174,
    "l1_norm": 0.0003262637114388492,
    "l2_norm": 0.0003397820939409529
  },
  "best_optuna_loss": 36508.1328125
}