{
  "dataset": "1_95",
  "fold": 1,
  "threshold": "95",
  "model": "xgboost",
  "best_params": {
    "number_trees": 22,
    "max_tree_depth": 17,
    "boosting_type": "dart",
    "subsample": 0.10109140434095887,
    "learning_rate": 0.055999447441677314,
    "l1_norm": 0.0009267227353854863,
    "l2_norm": 4.9261995482442296e-05
  },
  "best_optuna_loss": 23562.484375
}