{
  "dataset": "4_1",
  "fold": 4,
  "threshold": "1",
  "model": "xgboost",
  "best_params": {
    "n_estimators": 21,
    "max_depth": 15,
    "booster": "dart",
    "subsample": 0.776152058783258,
    "learning_rate": 0.2963562388812847,
    "reg_alpha": 0.0005588136628323515,
    "reg_lambda": 0.0007950226868744906
  },
  "best_optuna_loss": 8499.9072265625
}