{
  "dataset": "2_1",
  "fold": 2,
  "threshold": "1",
  "model": "xgboost",
  "best_params": {
    "number_trees": 42,
    "max_tree_depth": 20,
    "boosting_type": "gbtree",
    "subsample": 0.3545825340191665,
    "learning_rate": 0.0024390100294626165,
    "l1_norm": 0.00038167861939355445,
    "l2_norm": 0.0006129954325451578
  },
  "best_optuna_loss": 36099.96875
}