{
  "dataset": "4_85",
  "fold": 4,
  "threshold": "85",
  "model": "xgboost",
  "best_params": {
    "number_trees": 163,
    "max_tree_depth": 15,
    "boosting_type": "dart",
    "subsample": 0.38824487374176375,
    "learning_rate": 1.0764605344472215e-05,
    "l1_norm": 0.00065180324931899,
    "l2_norm": 0.0009759137832957608
  },
  "best_optuna_loss": 26836.353515625
}