{
  "dataset": "0_1",
  "fold": 0,
  "threshold": "1",
  "model": "xgboost",
  "best_params": {
    "n_estimators": 104,
    "max_depth": 4,
    "booster": "gbtree",
    "subsample": 0.957164496697142,
    "learning_rate": 0.018848892197520103,
    "reg_alpha": 0.0005112217978026153,
    "reg_lambda": 1.4145171826697979e-05
  },
  "best_optuna_loss": 2934.950439453125
}