{
  "dataset": "1_85",
  "fold": 1,
  "threshold": "85",
  "model": "xgboost",
  "best_params": {
    "number_trees": 28,
    "max_tree_depth": 14,
    "boosting_type": "dart",
    "subsample": 0.15485989957956423,
    "learning_rate": 0.04505952598000254,
    "l1_norm": 0.000836419239656503,
    "l2_norm": 0.0004577406288313204
  },
  "best_optuna_loss": 24374.146484375
}