{
  "dataset": "2_85",
  "fold": 2,
  "threshold": "85",
  "model": "xgboost",
  "best_params": {
    "n_estimators": 10,
    "max_depth": 5,
    "booster": "dart",
    "subsample": 0.21768805017130854,
    "learning_rate": 0.1598803823827401,
    "reg_alpha": 0.0007811049748112284,
    "reg_lambda": 0.0003256761111711376
  },
  "best_optuna_loss": 6930.9150390625
}