{
  "dataset": "3_95",
  "fold": 3,
  "threshold": "95",
  "model": "xgboost",
  "best_params": {
    "n_estimators": 152,
    "max_depth": 10,
    "booster": "gbtree",
    "subsample": 0.16640055080232866,
    "learning_rate": 0.019045363307621053,
    "reg_alpha": 0.0005906734768022367,
    "reg_lambda": 0.0006569332767936655
  },
  "best_optuna_loss": 4273.796875
}