{
  "dataset": "3_1",
  "fold": 3,
  "threshold": "1",
  "model": "xgboost",
  "best_params": {
    "n_estimators": 147,
    "max_depth": 7,
    "booster": "gbtree",
    "subsample": 0.26956443962088555,
    "learning_rate": 0.02648699890342754,
    "reg_alpha": 0.00020342458065290213,
    "reg_lambda": 0.00045974878085848687
  },
  "best_optuna_loss": 4563.5830078125
}