{
  "dataset": "0_1",
  "fold": 0,
  "threshold": "1",
  "model": "xgboost",
  "best_params": {
    "number_trees": 36,
    "max_tree_depth": 16,
    "boosting_type": "gbtree",
    "subsample": 0.12059202222725482,
    "learning_rate": 0.0008099481755071834,
    "l1_norm": 0.0007047444078387248,
    "l2_norm": 0.00016963113074302578
  },
  "best_optuna_loss": 26718.7890625
}