{
  "dataset": "0_95",
  "fold": 0,
  "threshold": "95",
  "model": "xgboost",
  "best_params": {
    "n_estimators": 82,
    "max_depth": 5,
    "booster": "dart",
    "subsample": 0.4978084000636454,
    "learning_rate": 0.026647054487769006,
    "reg_alpha": 0.0009479679657193048,
    "reg_lambda": 3.66370470909093e-05
  },
  "best_optuna_loss": 2519.93701171875
}