{
  "dataset": "0_1",
  "fold": 0,
  "threshold": "1",
  "model": "xgboost",
  "best_params": {
    "number_trees": 18,
    "max_tree_depth": 22,
    "boosting_type": "dart",
    "subsample": 0.9297866246159079,
    "learning_rate": 1.3533267390993821e-05,
    "l1_norm": 0.0002020771893712698,
    "l2_norm": 0.0008378964483729736
  },
  "best_optuna_loss": 26724.798828125
}