{"voting": 3159.6319785718733, "linreg_stacking": 229.93680851531036, "rf_stacking": 606.5920049009312, "svm_stacking": 2184.099539000086}