{"voting": 3002.1264270475076, "linreg_stacking": 1896.8827532200382, "rf_stacking": 1495.0818970990745, "svm_stacking": 4079.3765215976537, "mlp_stacking": 1223.0303596101976}