{
  "dataset": "4_1",
  "fold": 4,
  "threshold": "1",
  "model": "xgboost",
  "best_params": {
    "number_trees": 182,
    "max_tree_depth": 14,
    "boosting_type": "gbtree",
    "subsample": 0.9530176856797627,
    "learning_rate": 0.0003661957272993444,
    "l1_norm": 0.0007328080478953423,
    "l2_norm": 0.0005200968988591999
  },
  "best_optuna_loss": 33822.24609375
}