{
  "dataset": "3_85",
  "fold": 3,
  "threshold": "85",
  "model": "xgboost",
  "best_params": {
    "n_estimators": 272,
    "max_depth": 4,
    "booster": "dart",
    "subsample": 0.6809233671436504,
    "learning_rate": 0.08579040239583671,
    "reg_alpha": 0.0009134017626299796,
    "reg_lambda": 0.0008015413257177487
  },
  "best_optuna_loss": 3529.345947265625
}