{
  "dataset": "0_85",
  "fold": 0,
  "threshold": "85",
  "model": "xgboost",
  "best_params": {
    "number_trees": 10,
    "max_tree_depth": 15,
    "boosting_type": "gbtree",
    "subsample": 0.13516757301597745,
    "learning_rate": 0.0406563912544977,
    "l1_norm": 0.000977995108692476,
    "l2_norm": 0.0007646488245683459
  },
  "best_optuna_loss": 19249.046875
}