{
  "dataset": "2_95",
  "fold": 2,
  "threshold": "95",
  "model": "xgboost",
  "best_params": {
    "n_estimators": 287,
    "max_depth": 6,
    "booster": "gbtree",
    "subsample": 0.49082291218619084,
    "learning_rate": 0.20734508940316657,
    "reg_alpha": 0.0005521315731347034,
    "reg_lambda": 0.00020466950891199096
  },
  "best_optuna_loss": 8761.146484375
}