{
  "dataset": "3_95",
  "fold": 3,
  "threshold": "95",
  "model": "xgboost",
  "best_params": {
    "n_estimators": 231,
    "max_depth": 8,
    "booster": "gbtree",
    "subsample": 0.707334319508986,
    "learning_rate": 0.12770255675731934,
    "reg_alpha": 0.0006771489432555003,
    "reg_lambda": 0.0003629732949799887
  },
  "best_optuna_loss": 1677.2745361328125
}