{
  "dataset": "1_85",
  "fold": 1,
  "threshold": "85",
  "model": "xgboost",
  "best_params": {
    "number_trees": 31,
    "max_tree_depth": 12,
    "boosting_type": "dart",
    "subsample": 0.6113943362252269,
    "learning_rate": 0.640669037280416,
    "l1_norm": 0.00040630806491660115,
    "l2_norm": 0.0004228121075640469
  },
  "best_optuna_loss": 113180.6015625
}