{
  "dataset": "4_85",
  "fold": 4,
  "threshold": "85",
  "model": "xgboost",
  "best_params": {
    "n_estimators": 124,
    "max_depth": 9,
    "booster": "dart",
    "subsample": 0.8916968478666177,
    "learning_rate": 0.20243477982265187,
    "reg_alpha": 0.0004369351855310663,
    "reg_lambda": 0.0004222994310645676
  },
  "best_optuna_loss": 2871.740478515625
}