{
  "dataset": "1_1",
  "fold": 1,
  "threshold": "1",
  "model": "xgboost",
  "best_params": {
    "n_estimators": 112,
    "max_depth": 14,
    "booster": "gbtree",
    "subsample": 0.7297965573360307,
    "learning_rate": 0.018165218232974716,
    "reg_alpha": 0.0009540385514975763,
    "reg_lambda": 0.000674351109290911
  },
  "best_optuna_loss": 2706.82177734375
}