{
  "dataset": "3_95",
  "fold": 3,
  "threshold": "95",
  "model": "xgboost",
  "best_params": {
    "number_trees": 112,
    "max_tree_depth": 17,
    "boosting_type": "dart",
    "subsample": 0.125512354034709,
    "learning_rate": 0.0012665500200766764,
    "l1_norm": 0.00018890431030149738,
    "l2_norm": 0.0008308404076827712
  },
  "best_optuna_loss": 22235.376953125
}