{
  "dataset": "2_95",
  "fold": 2,
  "threshold": "95",
  "model": "xgboost",
  "best_params": {
    "number_trees": 10,
    "max_tree_depth": 3,
    "boosting_type": "gbtree",
    "subsample": 0.153440667992591,
    "learning_rate": 0.0015774449222343764,
    "l1_norm": 0.0007055908449295512,
    "l2_norm": 0.0009816094912659407
  },
  "best_optuna_loss": 47220.0234375
}