{
  "dataset": "1_95",
  "fold": 1,
  "threshold": "95",
  "model": "xgboost",
  "best_params": {
    "n_estimators": 49,
    "max_depth": 11,
    "booster": "gbtree",
    "subsample": 0.7876876219745761,
    "learning_rate": 0.03477562235382986,
    "reg_alpha": 0.00024801679773179186,
    "reg_lambda": 5.526869918566803e-05
  },
  "best_optuna_loss": 2781.648681640625
}