{
  "dataset": "1_85",
  "fold": 1,
  "threshold": "85",
  "model": "xgboost",
  "best_params": {
    "number_trees": 32,
    "max_tree_depth": 22,
    "boosting_type": "dart",
    "subsample": 0.13859080725925838,
    "learning_rate": 0.001983209855475024,
    "l1_norm": 0.0009048255781712643,
    "l2_norm": 0.00020385161408201805
  },
  "best_optuna_loss": 24872.900390625
}