{
  "dataset": "4_95",
  "fold": 4,
  "threshold": "95",
  "model": "xgboost",
  "best_params": {
    "number_trees": 20,
    "max_tree_depth": 9,
    "boosting_type": "dart",
    "subsample": 0.3247032424521208,
    "learning_rate": 0.0009211605566214127,
    "l1_norm": 0.0006929405433002574,
    "l2_norm": 1.6933522401163698e-05
  },
  "best_optuna_loss": 26825.125
}