{
  "dataset": "0_1",
  "fold": 0,
  "threshold": "1",
  "model": "xgboost",
  "best_params": {
    "n_estimators": 205,
    "max_depth": 5,
    "booster": "dart",
    "subsample": 0.569934388991653,
    "learning_rate": 0.2800262161865217,
    "reg_alpha": 0.0007673746145363185,
    "reg_lambda": 0.000848500816245724
  },
  "best_optuna_loss": 2465.387939453125
}