{
  "dataset": "0_95",
  "fold": 0,
  "threshold": "95",
  "model": "xgboost",
  "best_params": {
    "n_estimators": 120,
    "max_depth": 4,
    "booster": "dart",
    "subsample": 0.6504607058692895,
    "learning_rate": 0.23747399983675255,
    "reg_alpha": 0.0008149254271836629,
    "reg_lambda": 0.0009716164738818606
  },
  "best_optuna_loss": 2644.880859375
}