{
  "dataset": "2_1",
  "fold": 2,
  "threshold": "1",
  "model": "xgboost",
  "best_params": {
    "n_estimators": 104,
    "max_depth": 5,
    "booster": "gbtree",
    "subsample": 0.8729223393593785,
    "learning_rate": 0.3832242878274157,
    "reg_alpha": 0.0005895117513561901,
    "reg_lambda": 0.0007387205443105475
  },
  "best_optuna_loss": 7736.62060546875
}