{
  "dataset": "4_1",
  "fold": 4,
  "threshold": "1",
  "model": "xgboost",
  "best_params": {
    "number_trees": 30,
    "max_tree_depth": 7,
    "boosting_type": "dart",
    "subsample": 0.6575821156925751,
    "learning_rate": 0.00021691704433174304,
    "l1_norm": 0.0005591922837688457,
    "l2_norm": 0.0009592530680655661
  },
  "best_optuna_loss": 26830.158203125
}