{
  "dataset": "2_1",
  "fold": 2,
  "threshold": "1",
  "model": "xgboost",
  "best_params": {
    "number_trees": 82,
    "max_tree_depth": 8,
    "boosting_type": "dart",
    "subsample": 0.18273741183776387,
    "learning_rate": 0.0012905843213209668,
    "l1_norm": 0.00011060105731347137,
    "l2_norm": 0.0008215713902622388
  },
  "best_optuna_loss": 34505.03125
}