{
  "dataset": "4_95",
  "fold": 4,
  "threshold": "95",
  "model": "xgboost",
  "best_params": {
    "n_estimators": 279,
    "max_depth": 3,
    "booster": "gbtree",
    "subsample": 0.8599391366587772,
    "learning_rate": 0.1549329868194509,
    "reg_alpha": 4.811627054075478e-06,
    "reg_lambda": 9.069051034550362e-05
  },
  "best_optuna_loss": 2262.73388671875
}