{
  "dataset": "4_85",
  "fold": 4,
  "threshold": "85",
  "model": "xgboost",
  "best_params": {
    "number_trees": 28,
    "max_tree_depth": 3,
    "boosting_type": "gbtree",
    "subsample": 0.12617108152228484,
    "learning_rate": 0.0018926551311965896,
    "l1_norm": 0.0005122115266172043,
    "l2_norm": 0.00011695171155600307
  },
  "best_optuna_loss": 27135.515625
}