{
  "dataset": "2_95",
  "fold": 2,
  "threshold": "95",
  "model": "xgboost",
  "best_params": {
    "number_trees": 55,
    "max_tree_depth": 17,
    "boosting_type": "gbtree",
    "subsample": 0.3871267760214987,
    "learning_rate": 0.0014027164927711078,
    "l1_norm": 0.000920953177899514,
    "l2_norm": 0.0006646296806472342
  },
  "best_optuna_loss": 34473.33984375
}