{
  "dataset": "3_1",
  "fold": 3,
  "threshold": "1",
  "model": "xgboost",
  "best_params": {
    "number_trees": 27,
    "max_tree_depth": 22,
    "boosting_type": "dart",
    "subsample": 0.1849707247649371,
    "learning_rate": 0.00120824175413883,
    "l1_norm": 7.809966507844208e-05,
    "l2_norm": 0.00024563613811515915
  },
  "best_optuna_loss": 22263.095703125
}