{
  "dataset": "3_1",
  "fold": 3,
  "threshold": "1",
  "model": "xgboost",
  "best_params": {
    "n_estimators": 179,
    "max_depth": 7,
    "booster": "dart",
    "subsample": 0.8353245058481358,
    "learning_rate": 0.27175446359944855,
    "reg_alpha": 0.0005311802689874268,
    "reg_lambda": 0.0008888343480375333
  },
  "best_optuna_loss": 1532.5576171875
}