{
  "dataset": "1_95",
  "fold": 1,
  "threshold": "95",
  "model": "xgboost",
  "best_params": {
    "number_trees": 10,
    "max_tree_depth": 25,
    "boosting_type": "dart",
    "subsample": 0.11783993958307187,
    "learning_rate": 1.68546074683367e-05,
    "l1_norm": 0.00010599673015786016,
    "l2_norm": 0.0002551429686210878
  },
  "best_optuna_loss": 24436.490234375
}