{
  "dataset": "1_85",
  "fold": 1,
  "threshold": "85",
  "model": "xgboost",
  "best_params": {
    "n_estimators": 20,
    "max_depth": 5,
    "booster": "gbtree",
    "subsample": 0.9268122346062796,
    "learning_rate": 0.10098405579358735,
    "reg_alpha": 0.0008700055678494315,
    "reg_lambda": 7.71653467775664e-05
  },
  "best_optuna_loss": 5249.31201171875
}