{
  "dataset": "0_1",
  "fold": 0,
  "threshold": "1",
  "model": "xgboost",
  "best_params": {
    "number_trees": 34,
    "max_tree_depth": 15,
    "boosting_type": "dart",
    "subsample": 0.10148038187697317,
    "learning_rate": 0.001480228720352555,
    "l1_norm": 7.860096515103277e-05,
    "l2_norm": 0.0005707206544792588
  },
  "best_optuna_loss": 18873.033203125
}