{
  "dataset": "0_95",
  "fold": 0,
  "threshold": "95",
  "model": "xgboost",
  "best_params": {
    "number_trees": 125,
    "max_tree_depth": 22,
    "boosting_type": "dart",
    "subsample": 0.10112176252641572,
    "learning_rate": 0.0007497578401553715,
    "l1_norm": 8.884471562370106e-05,
    "l2_norm": 0.00039756775517316606
  },
  "best_optuna_loss": 18943.951171875
}