{
  "dataset": "2_85",
  "fold": 2,
  "threshold": "85",
  "model": "xgboost",
  "best_params": {
    "number_trees": 169,
    "max_tree_depth": 24,
    "boosting_type": "dart",
    "subsample": 0.1010027113848834,
    "learning_rate": 0.0005230089225999144,
    "l1_norm": 0.0006562552577589353,
    "l2_norm": 0.0006579273141527421
  },
  "best_optuna_loss": 46978.5390625
}