{
  "dataset": "0_85",
  "fold": 0,
  "threshold": "85",
  "model": "xgboost",
  "best_params": {
    "n_estimators": 157,
    "max_depth": 25,
    "booster": "gbtree",
    "subsample": 0.38194089268456416,
    "learning_rate": 0.12111303628585894,
    "reg_alpha": 0.0003489036287309907,
    "reg_lambda": 0.000906026777660638
  },
  "best_optuna_loss": 6150.06298828125
}