{
  "dataset": "3_90",
  "fold": 3,
  "threshold": "90",
  "model": "xgboost",
  "best_params": {
    "n_estimators": 252,
    "max_depth": 7,
    "booster": "gbtree",
    "subsample": 0.8711579602733501,
    "learning_rate": 0.22759375375639956,
    "reg_alpha": 0.0008000748829403603,
    "reg_lambda": 0.0005062081269788272
  },
  "best_optuna_loss": 1850.1402587890625
}