{
  "dataset": "3_85",
  "fold": 3,
  "threshold": "85",
  "model": "xgboost",
  "best_params": {
    "number_trees": 44,
    "max_tree_depth": 14,
    "boosting_type": "gbtree",
    "subsample": 0.19731081210641252,
    "learning_rate": 6.571486548944284e-08,
    "l1_norm": 0.0004165425912454487,
    "l2_norm": 0.0003408947371523353
  },
  "best_optuna_loss": 23271.4375
}