{
  "dataset": "4_1",
  "fold": 4,
  "threshold": "1",
  "model": "xgboost",
  "best_params": {
    "n_estimators": 141,
    "max_depth": 13,
    "booster": "gbtree",
    "subsample": 0.674080071453667,
    "learning_rate": 0.05523884254586091,
    "reg_alpha": 0.0009781249592950765,
    "reg_lambda": 0.0008881428762279983
  },
  "best_optuna_loss": 2742.047607421875
}