{
  "dataset": "2_85",
  "fold": 2,
  "threshold": "85",
  "model": "xgboost",
  "best_params": {
    "n_estimators": 268,
    "max_depth": 5,
    "booster": "dart",
    "subsample": 0.8522045575408953,
    "learning_rate": 0.2803118803850785,
    "reg_alpha": 0.0007804176313226574,
    "reg_lambda": 0.0001601782416247087
  },
  "best_optuna_loss": 10789.51953125
}