{
  "dataset": "2_85",
  "fold": 2,
  "threshold": "85",
  "model": "xgboost",
  "best_params": {
    "number_trees": 175,
    "max_tree_depth": 13,
    "boosting_type": "dart",
    "subsample": 0.10100122793938275,
    "learning_rate": 0.0013373252935032717,
    "l1_norm": 0.0006414353511628258,
    "l2_norm": 0.00015432528829229035
  },
  "best_optuna_loss": 35019.3359375
}