{
  "dataset": "1_1",
  "fold": 1,
  "threshold": "1",
  "model": "xgboost",
  "best_params": {
    "number_trees": 19,
    "max_tree_depth": 18,
    "boosting_type": "gbtree",
    "subsample": 0.41838785406604256,
    "learning_rate": 3.670730257620614e-05,
    "l1_norm": 0.00016867874832297944,
    "l2_norm": 0.00012934728227347936
  },
  "best_optuna_loss": 24438.9609375
}