{
  "dataset": "4_85",
  "fold": 4,
  "threshold": "85",
  "model": "xgboost",
  "best_params": {
    "number_trees": 28,
    "max_tree_depth": 10,
    "boosting_type": "dart",
    "subsample": 0.6187449673183539,
    "learning_rate": 0.00027363913228444045,
    "l1_norm": 0.000443070320136299,
    "l2_norm": 0.0005566586522480702
  },
  "best_optuna_loss": 34308.3125
}