{
  "dataset": "0_95",
  "fold": 0,
  "threshold": "95",
  "model": "xgboost",
  "best_params": {
    "number_trees": 36,
    "max_tree_depth": 6,
    "boosting_type": "gbtree",
    "subsample": 0.10331233144611146,
    "learning_rate": 0.0004975205572749385,
    "l1_norm": 0.0009461356849888578,
    "l2_norm": 0.00037934269347327773
  },
  "best_optuna_loss": 18941.845703125
}