{
  "dataset": "0_85",
  "fold": 0,
  "threshold": "85",
  "model": "xgboost",
  "best_params": {
    "number_trees": 10,
    "max_tree_depth": 6,
    "boosting_type": "gbtree",
    "subsample": 0.10025940413516492,
    "learning_rate": 0.01805729708710581,
    "l1_norm": 0.0009598993960823685,
    "l2_norm": 0.000654396137859946
  },
  "best_optuna_loss": 19697.919921875
}