{
  "dataset": "0_90",
  "fold": 0,
  "threshold": "90",
  "model": "xgboost",
  "best_params": {
    "n_estimators": 21,
    "max_depth": 19,
    "booster": "dart",
    "subsample": 0.7804401874074177,
    "learning_rate": 0.368909734539632,
    "reg_alpha": 0.0006033761477613868,
    "reg_lambda": 0.0008156555691337211
  },
  "best_optuna_loss": 3271.863037109375
}