{
  "dataset": "4_1",
  "fold": 4,
  "threshold": "1",
  "model": "xgboost",
  "best_params": {
    "n_estimators": 300,
    "max_depth": 5,
    "booster": "gbtree",
    "subsample": 0.8390580374755865,
    "learning_rate": 0.10719040970105384,
    "reg_alpha": 0.0005424033281350966,
    "reg_lambda": 0.0006398711248372964
  },
  "best_optuna_loss": 2999.6572265625
}