{
  "dataset": "2_1",
  "fold": 2,
  "threshold": "1",
  "model": "xgboost",
  "best_params": {
    "n_estimators": 196,
    "max_depth": 16,
    "booster": "dart",
    "subsample": 0.655835595217094,
    "learning_rate": 0.036842031166851405,
    "reg_alpha": 0.0006934088390530504,
    "reg_lambda": 0.0008467063590158575
  },
  "best_optuna_loss": 10102.1015625
}