{
  "dataset": "4_1",
  "fold": 4,
  "threshold": "1",
  "model": "xgboost",
  "best_params": {
    "number_trees": 14,
    "max_tree_depth": 13,
    "boosting_type": "dart",
    "subsample": 0.3384739555179972,
    "learning_rate": 0.0011789704641558566,
    "l1_norm": 0.0004531844991622854,
    "l2_norm": 0.0007874934241812029
  },
  "best_optuna_loss": 26798.677734375
}