{
  "dataset": "4_95",
  "fold": 4,
  "threshold": "95",
  "model": "xgboost",
  "best_params": {
    "n_estimators": 249,
    "max_depth": 4,
    "booster": "gbtree",
    "subsample": 0.8288765726098589,
    "learning_rate": 0.19699621342485296,
    "reg_alpha": 0.0007394735249020617,
    "reg_lambda": 0.000418771996809242
  },
  "best_optuna_loss": 3220.8173828125
}