{
  "dataset": "1_1",
  "fold": 1,
  "threshold": "1",
  "model": "xgboost",
  "best_params": {
    "n_estimators": 18,
    "max_depth": 14,
    "booster": "dart",
    "subsample": 0.6449035099029851,
    "learning_rate": 0.11326926561355165,
    "reg_alpha": 0.0006479454941089264,
    "reg_lambda": 0.0008706294422888806
  },
  "best_optuna_loss": 2804.7470703125
}