{
  "dataset": "2_85",
  "fold": 2,
  "threshold": "85",
  "model": "xgboost",
  "best_params": {
    "number_trees": 10,
    "max_tree_depth": 7,
    "boosting_type": "gbtree",
    "subsample": 0.10002750853442287,
    "learning_rate": 0.0005148696744107618,
    "l1_norm": 0.0009744579571112216,
    "l2_norm": 0.0001426253420949523
  },
  "best_optuna_loss": 47317.16015625
}