{
  "dataset": "4_95",
  "fold": 4,
  "threshold": "95",
  "model": "xgboost",
  "best_params": {
    "number_trees": 15,
    "max_tree_depth": 5,
    "boosting_type": "gbtree",
    "subsample": 0.2601821874314384,
    "learning_rate": 0.0017444644592870626,
    "l1_norm": 0.00013466093238494195,
    "l2_norm": 0.0006909284500060133
  },
  "best_optuna_loss": 26783.046875
}