{
  "dataset": "1_95",
  "fold": 1,
  "threshold": "95",
  "model": "xgboost",
  "best_params": {
    "n_estimators": 14,
    "max_depth": 19,
    "booster": "dart",
    "subsample": 0.631453134338743,
    "learning_rate": 0.15253746114796374,
    "reg_alpha": 0.0008308542800378692,
    "reg_lambda": 0.0009768514758642765
  },
  "best_optuna_loss": 3024.475830078125
}