{
  "dataset": "2_90",
  "fold": 2,
  "threshold": "90",
  "model": "xgboost",
  "best_params": {
    "n_estimators": 35,
    "max_depth": 3,
    "booster": "gbtree",
    "subsample": 0.9830821324595257,
    "learning_rate": 0.5354334900025216,
    "reg_alpha": 0.00047032862849933255,
    "reg_lambda": 0.0006989361323203073
  },
  "best_optuna_loss": 7848.42626953125
}