{
  "dataset": "2_95",
  "fold": 2,
  "threshold": "95",
  "model": "xgboost",
  "best_params": {
    "n_estimators": 220,
    "max_depth": 6,
    "booster": "gbtree",
    "subsample": 0.6269203412231998,
    "learning_rate": 0.5436057863658312,
    "reg_alpha": 0.0008722293855828886,
    "reg_lambda": 0.000553557754274657
  },
  "best_optuna_loss": 9633.671875
}