{
  "dataset": "2_95",
  "fold": 2,
  "threshold": "95",
  "model": "xgboost",
  "best_params": {
    "number_trees": 23,
    "max_tree_depth": 11,
    "boosting_type": "dart",
    "subsample": 0.7817503306130681,
    "learning_rate": 5.019742976953548e-05,
    "l1_norm": 0.00021172057965068283,
    "l2_norm": 0.0008841492866585915
  },
  "best_optuna_loss": 47320.33203125
}