{
  "dataset": "3_95",
  "fold": 3,
  "threshold": "95",
  "model": "xgboost",
  "best_params": {
    "number_trees": 25,
    "max_tree_depth": 9,
    "boosting_type": "gbtree",
    "subsample": 0.6535236492583206,
    "learning_rate": 0.0018123258254846416,
    "l1_norm": 3.157229694754982e-05,
    "l2_norm": 0.0006578358617894733
  },
  "best_optuna_loss": 22464.939453125
}