{
  "dataset": "1_95",
  "fold": 1,
  "threshold": "95",
  "model": "xgboost",
  "best_params": {
    "number_trees": 20,
    "max_tree_depth": 25,
    "boosting_type": "dart",
    "subsample": 0.1395570157690841,
    "learning_rate": 8.192921581675087e-06,
    "l1_norm": 0.0005463266764036478,
    "l2_norm": 0.000197563707473919
  },
  "best_optuna_loss": 20451.51171875
}