{
  "dataset": "2_85",
  "fold": 2,
  "threshold": "85",
  "model": "xgboost",
  "best_params": {
    "n_estimators": 194,
    "max_depth": 14,
    "booster": "gbtree",
    "subsample": 0.614348859324812,
    "learning_rate": 0.19637254486066083,
    "reg_alpha": 0.0008268621669330701,
    "reg_lambda": 0.0006331370426303942
  },
  "best_optuna_loss": 8732.1923828125
}