{
  "dataset": "3_1",
  "fold": 3,
  "threshold": "1",
  "model": "xgboost",
  "best_params": {
    "n_estimators": 125,
    "max_depth": 24,
    "booster": "gbtree",
    "subsample": 0.6028609671720391,
    "learning_rate": 0.017232029926351887,
    "reg_alpha": 0.0004310281256659864,
    "reg_lambda": 0.0007663420517233653
  },
  "best_optuna_loss": 2498.771728515625
}