{
  "dataset": "0_1",
  "fold": 0,
  "threshold": "1",
  "model": "xgboost",
  "best_params": {
    "n_estimators": 67,
    "max_depth": 12,
    "booster": "dart",
    "subsample": 0.8324108888883606,
    "learning_rate": 0.17539859264312324,
    "reg_alpha": 0.00022696168884288028,
    "reg_lambda": 0.000242813119092111
  },
  "best_optuna_loss": 2962.65625
}