{
  "dataset": "3_95",
  "fold": 3,
  "threshold": "95",
  "model": "xgboost",
  "best_params": {
    "n_estimators": 82,
    "max_depth": 7,
    "booster": "dart",
    "subsample": 0.7253935987230818,
    "learning_rate": 0.09207536153536575,
    "reg_alpha": 0.0009496404849379152,
    "reg_lambda": 0.0004965557717522623
  },
  "best_optuna_loss": 2225.740966796875
}