{
  "dataset": "0_90",
  "fold": 0,
  "threshold": "90",
  "model": "xgboost",
  "best_params": {
    "n_estimators": 49,
    "max_depth": 6,
    "booster": "dart",
    "subsample": 0.8231083287864372,
    "learning_rate": 0.2406199632611529,
    "reg_alpha": 0.00021025991664238238,
    "reg_lambda": 0.0005555954210058302
  },
  "best_optuna_loss": 2589.929443359375
}