{
  "dataset": "0_95",
  "fold": 0,
  "threshold": "95",
  "model": "xgboost",
  "best_params": {
    "number_trees": 41,
    "max_tree_depth": 14,
    "boosting_type": "dart",
    "subsample": 0.1141038204908704,
    "learning_rate": 0.0013749744157846098,
    "l1_norm": 0.0008630420006922775,
    "l2_norm": 0.0008086696708265413
  },
  "best_optuna_loss": 18904.240234375
}