{
  "dataset": "0_95",
  "fold": 0,
  "threshold": "95",
  "model": "xgboost",
  "best_params": {
    "n_estimators": 99,
    "max_depth": 9,
    "booster": "dart",
    "subsample": 0.9589961952825369,
    "learning_rate": 0.13451920093373773,
    "reg_alpha": 0.000998547552842504,
    "reg_lambda": 3.760628319438939e-05
  },
  "best_optuna_loss": 2730.804931640625
}