{
  "dataset": "3_85",
  "fold": 3,
  "threshold": "85",
  "model": "xgboost",
  "best_params": {
    "n_estimators": 146,
    "max_depth": 22,
    "booster": "gbtree",
    "subsample": 0.6229420394599477,
    "learning_rate": 0.1721825712893918,
    "reg_alpha": 0.0003628313686427681,
    "reg_lambda": 0.0005540552526844805
  },
  "best_optuna_loss": 2361.0166015625
}