{
  "dataset": "4_85",
  "fold": 4,
  "threshold": "85",
  "model": "xgboost",
  "best_params": {
    "n_estimators": 290,
    "max_depth": 5,
    "booster": "gbtree",
    "subsample": 0.597841236268619,
    "learning_rate": 0.1658974946426259,
    "reg_alpha": 0.0004343314748907693,
    "reg_lambda": 0.000398750447781543
  },
  "best_optuna_loss": 3375.733154296875
}