{
  "dataset": "1_85",
  "fold": 1,
  "threshold": "85",
  "model": "xgboost",
  "best_params": {
    "number_trees": 10,
    "max_tree_depth": 22,
    "boosting_type": "gbtree",
    "subsample": 0.14702231670493368,
    "learning_rate": 8.384732746255676e-05,
    "l1_norm": 0.0009475435620682622,
    "l2_norm": 0.000976166876936947
  },
  "best_optuna_loss": 20452.673828125
}