{
  "dataset": "1_90",
  "fold": 1,
  "threshold": "90",
  "model": "xgboost",
  "best_params": {
    "n_estimators": 41,
    "max_depth": 13,
    "booster": "dart",
    "subsample": 0.6210483857593176,
    "learning_rate": 0.04739305252875621,
    "reg_alpha": 4.17347732211197e-05,
    "reg_lambda": 0.000665894521845551
  },
  "best_optuna_loss": 2801.727783203125
}