{
  "dataset": "4_85",
  "fold": 4,
  "threshold": "85",
  "model": "xgboost",
  "best_params": {
    "number_trees": 106,
    "max_tree_depth": 18,
    "boosting_type": "dart",
    "subsample": 0.13675998347359908,
    "learning_rate": 0.00031549774548569903,
    "l1_norm": 0.0008524397521872367,
    "l2_norm": 6.80786886384692e-05
  },
  "best_optuna_loss": 26818.55859375
}