{
  "dataset": "3_1",
  "fold": 3,
  "threshold": "1",
  "model": "xgboost",
  "best_params": {
    "number_trees": 29,
    "max_tree_depth": 25,
    "boosting_type": "gbtree",
    "subsample": 0.2174925246410058,
    "learning_rate": 0.0025810460537441667,
    "l1_norm": 5.243167508565222e-05,
    "l2_norm": 0.0004899271564958669
  },
  "best_optuna_loss": 22408.958984375
}