{
  "dataset": "1_85",
  "fold": 1,
  "threshold": "85",
  "model": "xgboost",
  "best_params": {
    "n_estimators": 57,
    "max_depth": 10,
    "booster": "dart",
    "subsample": 0.5787354601096988,
    "learning_rate": 0.03191896419221899,
    "reg_alpha": 0.0003753919113622131,
    "reg_lambda": 0.00010207793534719936
  },
  "best_optuna_loss": 3204.059814453125
}