{
  "dataset": "0_85",
  "fold": 0,
  "threshold": "85",
  "model": "xgboost",
  "best_params": {
    "n_estimators": 248,
    "max_depth": 16,
    "booster": "dart",
    "subsample": 0.8302424744417538,
    "learning_rate": 0.3240414614659009,
    "reg_alpha": 0.0005429872047794402,
    "reg_lambda": 6.594659084038601e-05
  },
  "best_optuna_loss": 2565.015869140625
}