{
  "dataset": "0_1",
  "fold": 0,
  "threshold": "1",
  "model": "xgboost",
  "best_params": {
    "n_estimators": 38,
    "max_depth": 5,
    "booster": "gbtree",
    "subsample": 0.515273294590221,
    "learning_rate": 0.03399500406868235,
    "reg_alpha": 0.00012256558028658836,
    "reg_lambda": 0.0001543424458838673
  },
  "best_optuna_loss": 3116.41162109375
}