{
  "dataset": "4_1",
  "fold": 4,
  "threshold": "1",
  "model": "xgboost",
  "best_params": {
    "number_trees": 279,
    "max_tree_depth": 4,
    "boosting_type": "dart",
    "subsample": 0.9709257264209973,
    "learning_rate": 0.00011488692119166285,
    "l1_norm": 3.933767655972039e-05,
    "l2_norm": 3.063275804863091e-06
  },
  "best_optuna_loss": 26270.7421875
}