{
  "dataset": "2_1",
  "fold": 2,
  "threshold": "1",
  "model": "xgboost",
  "best_params": {
    "number_trees": 61,
    "max_tree_depth": 19,
    "boosting_type": "dart",
    "subsample": 0.530598637398057,
    "learning_rate": 0.0025287722979511176,
    "l1_norm": 0.00038961500867119045,
    "l2_norm": 0.00035303273651692566
  },
  "best_optuna_loss": 35966.6640625
}