{
  "dataset": "1_1",
  "fold": 1,
  "threshold": "1",
  "model": "xgboost",
  "best_params": {
    "number_trees": 222,
    "max_tree_depth": 5,
    "boosting_type": "dart",
    "subsample": 0.10381248185105062,
    "learning_rate": 0.0011723898684183318,
    "l1_norm": 0.0007081876549891174,
    "l2_norm": 0.0009061395452956847
  },
  "best_optuna_loss": 27048.294921875
}