{
  "dataset": "4_1",
  "fold": 4,
  "threshold": "1",
  "model": "xgboost",
  "best_params": {
    "n_estimators": 77,
    "max_depth": 23,
    "booster": "dart",
    "subsample": 0.8645889887526305,
    "learning_rate": 0.3721921323107961,
    "reg_alpha": 0.0008053255922509741,
    "reg_lambda": 0.0009643605070953872
  },
  "best_optuna_loss": 7136.43359375
}