{
  "dataset": "2_85",
  "fold": 2,
  "threshold": "85",
  "model": "xgboost",
  "best_params": {
    "n_estimators": 31,
    "max_depth": 7,
    "booster": "gbtree",
    "subsample": 0.603042656133997,
    "learning_rate": 0.049015544146442866,
    "reg_alpha": 0.00027946611030514905,
    "reg_lambda": 0.000802711465854362
  },
  "best_optuna_loss": 4797.744140625
}