{
  "dataset": "2_1",
  "fold": 2,
  "threshold": "1",
  "model": "xgboost",
  "best_params": {
    "n_estimators": 101,
    "max_depth": 10,
    "booster": "gbtree",
    "subsample": 0.6743733029058326,
    "learning_rate": 0.016794791358325917,
    "reg_alpha": 0.0008991756111700697,
    "reg_lambda": 0.00017057143801734042
  },
  "best_optuna_loss": 5121.9287109375
}