{
  "dataset": "1_85",
  "fold": 1,
  "threshold": "85",
  "model": "xgboost",
  "best_params": {
    "n_estimators": 19,
    "max_depth": 4,
    "booster": "dart",
    "subsample": 0.7300808852668041,
    "learning_rate": 0.11213467114452308,
    "reg_alpha": 0.000783403102628109,
    "reg_lambda": 0.00017600909457186128
  },
  "best_optuna_loss": 4065.965576171875
}