{
  "dataset": "3_1",
  "fold": 3,
  "threshold": "1",
  "model": "xgboost",
  "best_params": {
    "n_estimators": 23,
    "max_depth": 12,
    "booster": "dart",
    "subsample": 0.101074795729255,
    "learning_rate": 0.11817341742654418,
    "reg_alpha": 2.2712216131566866e-05,
    "reg_lambda": 0.00040298649657653893
  },
  "best_optuna_loss": 4118.638671875
}