{
  "dataset": "0_85",
  "fold": 0,
  "threshold": "85",
  "model": "xgboost",
  "best_params": {
    "n_estimators": 30,
    "max_depth": 6,
    "booster": "dart",
    "subsample": 0.22107669282915668,
    "learning_rate": 0.048217664674285225,
    "reg_alpha": 0.0005674120663977015,
    "reg_lambda": 0.0006668020673093487
  },
  "best_optuna_loss": 3219.033935546875
}