{
  "dataset": "0_95",
  "fold": 0,
  "threshold": "95",
  "model": "xgboost",
  "best_params": {
    "n_estimators": 98,
    "max_depth": 5,
    "booster": "gbtree",
    "subsample": 0.5260586271448376,
    "learning_rate": 0.018365736225691168,
    "reg_alpha": 0.0003886107929308286,
    "reg_lambda": 9.33029500760377e-05
  },
  "best_optuna_loss": 3013.884033203125
}