{
  "dataset": "0_90",
  "fold": 0,
  "threshold": "90",
  "model": "xgboost",
  "best_params": {
    "n_estimators": 25,
    "max_depth": 11,
    "booster": "gbtree",
    "subsample": 0.5360765283687027,
    "learning_rate": 0.08318885270541582,
    "reg_alpha": 0.0007536766654774549,
    "reg_lambda": 0.0006356368444563025
  },
  "best_optuna_loss": 3080.53564453125
}