{
  "dataset": "4_95",
  "fold": 4,
  "threshold": "95",
  "model": "xgboost",
  "best_params": {
    "n_estimators": 221,
    "max_depth": 14,
    "booster": "gbtree",
    "subsample": 0.8904230020993225,
    "learning_rate": 0.5710392501584053,
    "reg_alpha": 0.0007897752716364614,
    "reg_lambda": 0.00028652925869850093
  },
  "best_optuna_loss": 8425.173828125
}