{
  "dataset": "1_1",
  "fold": 1,
  "threshold": "1",
  "model": "xgboost",
  "best_params": {
    "n_estimators": 59,
    "max_depth": 4,
    "booster": "dart",
    "subsample": 0.797869506302687,
    "learning_rate": 0.038822704316958646,
    "reg_alpha": 0.0009221450325939701,
    "reg_lambda": 0.0007000007945754892
  },
  "best_optuna_loss": 4403.375
}