{
  "dataset": "1_95",
  "fold": 1,
  "threshold": "95",
  "model": "xgboost",
  "best_params": {
    "n_estimators": 81,
    "max_depth": 14,
    "booster": "dart",
    "subsample": 0.5674848521804348,
    "learning_rate": 0.023983181508256124,
    "reg_alpha": 0.0003042574142107992,
    "reg_lambda": 0.0009965294084464517
  },
  "best_optuna_loss": 4305.69921875
}