{
  "dataset": "4_90",
  "fold": 4,
  "threshold": "90",
  "model": "xgboost",
  "best_params": {
    "n_estimators": 98,
    "max_depth": 16,
    "booster": "dart",
    "subsample": 0.7191283426464976,
    "learning_rate": 0.5797987855584059,
    "reg_alpha": 7.169991642428617e-05,
    "reg_lambda": 0.0007705116095196933
  },
  "best_optuna_loss": 8031.7939453125
}