{
  "dataset": "2_95",
  "fold": 2,
  "threshold": "95",
  "model": "xgboost",
  "best_params": {
    "n_estimators": 80,
    "max_depth": 11,
    "booster": "dart",
    "subsample": 0.4204906491839607,
    "learning_rate": 0.019983967393847557,
    "reg_alpha": 0.0005698777384608966,
    "reg_lambda": 0.00041791020303492954
  },
  "best_optuna_loss": 5324.28759765625
}