{
  "dataset": "3_85",
  "fold": 3,
  "threshold": "85",
  "model": "xgboost",
  "best_params": {
    "n_estimators": 197,
    "max_depth": 25,
    "booster": "gbtree",
    "subsample": 0.5373631437190101,
    "learning_rate": 0.10206516871794213,
    "reg_alpha": 0.0007453496470704664,
    "reg_lambda": 0.00014851207830869842
  },
  "best_optuna_loss": 4808.61572265625
}