{
  "dataset": "2_85",
  "fold": 2,
  "threshold": "85",
  "model": "xgboost",
  "best_params": {
    "number_trees": 74,
    "max_tree_depth": 25,
    "boosting_type": "gbtree",
    "subsample": 0.5905525349239445,
    "learning_rate": 0.0025850588682036326,
    "l1_norm": 0.0006843634887538684,
    "l2_norm": 0.0004239719615921573
  },
  "best_optuna_loss": 35602.04296875
}