{
  "dataset": "4_85",
  "fold": 4,
  "threshold": "85",
  "model": "xgboost",
  "best_params": {
    "number_trees": 28,
    "max_tree_depth": 12,
    "boosting_type": "gbtree",
    "subsample": 0.11047565178472367,
    "learning_rate": 0.003226762520074574,
    "l1_norm": 0.0003464229279001394,
    "l2_norm": 0.0009865341309566904
  },
  "best_optuna_loss": 26254.0078125
}