{
  "dataset": "3_95",
  "fold": 3,
  "threshold": "95",
  "model": "xgboost",
  "best_params": {
    "n_estimators": 34,
    "max_depth": 17,
    "booster": "dart",
    "subsample": 0.11477986102887938,
    "learning_rate": 0.07494253562009151,
    "reg_alpha": 0.0005454619854893769,
    "reg_lambda": 9.14773372075511e-05
  },
  "best_optuna_loss": 4377.1376953125
}