{
  "dataset": "3_85",
  "fold": 3,
  "threshold": "85",
  "model": "xgboost",
  "best_params": {
    "number_trees": 132,
    "max_tree_depth": 19,
    "boosting_type": "dart",
    "subsample": 0.9913760543079282,
    "learning_rate": 0.0035675295572107357,
    "l1_norm": 0.00039607429444915847,
    "l2_norm": 0.00044237116700348965
  },
  "best_optuna_loss": 43957.8046875
}