{
  "dataset": "4_85",
  "fold": 4,
  "threshold": "85",
  "model": "xgboost",
  "best_params": {
    "n_estimators": 28,
    "max_depth": 14,
    "booster": "gbtree",
    "subsample": 0.32712821689557814,
    "learning_rate": 0.36029847372026164,
    "reg_alpha": 0.0006180952341240415,
    "reg_lambda": 0.0001635622880637865
  },
  "best_optuna_loss": 8251.3818359375
}