{"voting": 1742.8116808767434, "linreg_stacking": 465.84448449172174, "rf_stacking": 500.1398151756764, "svm_stacking": 1988.362668176169, "mlp_stacking": 285.38361824864904}