{"voting": 1993.5905029446942, "linreg_stacking": 117.26763060296335, "rf_stacking": 229.88596171558189, "svm_stacking": 2522.1670620009468}