{
  "dataset": "0_1",
  "fold": 0,
  "threshold": "1",
  "model": "lightgbm",
  "best_params": {
    "number_trees": 200,
    "max_tree_depth": 7,
    "boosting_type": "gbdt",
    "bagging_fraction": 0.4592609014552119,
    "bagging_freq": 0,
    "learning_rate": 0.6375626591935362,
    "l1_norm": 0.000768120601863175,
    "l2_norm": 0.0009698857932259764
  },
  "best_optuna_loss": 2989.6285593939397
}