{
  "dataset": "3_95",
  "fold": 3,
  "threshold": "95",
  "model": "lightgbm",
  "best_params": {
    "number_trees": 293,
    "max_tree_depth": 17,
    "boosting_type": "dart",
    "bagging_fraction": 0.25858173061251194,
    "bagging_freq": 4,
    "learning_rate": 0.16640075405997243,
    "l1_norm": 3.42241274754723e-05,
    "l2_norm": 0.0008402519904428536
  },
  "best_optuna_loss": 2367.433630422493
}