{
  "dataset": "0_95",
  "fold": 0,
  "threshold": "95",
  "model": "lightgbm",
  "best_params": {
    "number_trees": 292,
    "max_tree_depth": 12,
    "boosting_type": "dart",
    "bagging_fraction": 0.9681341272836873,
    "bagging_freq": 6,
    "learning_rate": 0.2063242726619309,
    "l1_norm": 0.0005862925329850636,
    "l2_norm": 0.0008226281457236874
  },
  "best_optuna_loss": 3105.2820610106196
}