{
  "dataset": "3_95",
  "fold": 3,
  "threshold": "95",
  "model": "lightgbm",
  "best_params": {
    "number_trees": 101,
    "max_tree_depth": 16,
    "boosting_type": "dart",
    "bagging_fraction": 0.3436245707873309,
    "bagging_freq": 6,
    "learning_rate": 0.2732445706896354,
    "l1_norm": 0.0007567870109118684,
    "l2_norm": 0.0009021245449160005
  },
  "best_optuna_loss": 2257.1480733851304
}