{
  "dataset": "2_95",
  "fold": 2,
  "threshold": "95",
  "model": "lightgbm",
  "best_params": {
    "number_trees": 300,
    "max_tree_depth": 22,
    "boosting_type": "gbdt",
    "bagging_fraction": 0.207804656466793,
    "bagging_freq": 0,
    "learning_rate": 0.21794769662371466,
    "l1_norm": 0.0005526037883843892,
    "l2_norm": 3.4714633386827355e-05
  },
  "best_optuna_loss": 10308.79561711784
}