{
  "dataset": "0_95",
  "fold": 0,
  "threshold": "95",
  "model": "lightgbm",
  "best_params": {
    "number_trees": 102,
    "max_tree_depth": 21,
    "boosting_type": "dart",
    "bagging_fraction": 0.7594026707012608,
    "bagging_freq": 0,
    "learning_rate": 0.6361211866220323,
    "l1_norm": 0.00021316419528192895,
    "l2_norm": 0.00023294260047638417
  },
  "best_optuna_loss": 2668.131876045566
}