{
  "dataset": "4_85",
  "fold": 4,
  "threshold": "85",
  "model": "lightgbm",
  "best_params": {
    "number_trees": 68,
    "max_tree_depth": 7,
    "boosting_type": "dart",
    "bagging_fraction": 0.32236027760038916,
    "bagging_freq": 0,
    "learning_rate": 0.7090616487224284,
    "l1_norm": 0.0003801361860590729,
    "l2_norm": 0.0004039275263874844
  },
  "best_optuna_loss": 2855.199567475067
}