{
  "dataset": "3_1",
  "fold": 3,
  "threshold": "1",
  "model": "lightgbm",
  "best_params": {
    "number_trees": 172,
    "max_tree_depth": 20,
    "boosting_type": "dart",
    "bagging_fraction": 0.3194840056114309,
    "bagging_freq": 10,
    "learning_rate": 0.24800468453365915,
    "l1_norm": 6.677272988746761e-05,
    "l2_norm": 0.000489948405499308
  },
  "best_optuna_loss": 2323.14887399739
}