{
  "dataset": "4_1",
  "fold": 4,
  "threshold": "1",
  "model": "lightgbm",
  "best_params": {
    "number_trees": 114,
    "max_tree_depth": 19,
    "boosting_type": "dart",
    "bagging_fraction": 0.4032017051550865,
    "bagging_freq": 0,
    "learning_rate": 0.671230141338703,
    "l1_norm": 0.0008972776877022374,
    "l2_norm": 0.0005225595777440216
  },
  "best_optuna_loss": 2932.76240002836
}