{
  "dataset": "2_1",
  "fold": 2,
  "threshold": "1",
  "model": "lightgbm",
  "best_params": {
    "number_trees": 237,
    "max_tree_depth": 7,
    "boosting_type": "gbdt",
    "bagging_fraction": 0.7417114774874121,
    "bagging_freq": 5,
    "learning_rate": 0.16094549236765826,
    "l1_norm": 0.0009197441198629529,
    "l2_norm": 0.0008170196376330394
  },
  "best_optuna_loss": 10003.35323647387
}