{
  "dataset": "1_85",
  "fold": 1,
  "threshold": "85",
  "model": "lightgbm",
  "best_params": {
    "number_trees": 275,
    "max_tree_depth": 16,
    "boosting_type": "dart",
    "bagging_fraction": 0.6625192529541453,
    "bagging_freq": 3,
    "learning_rate": 0.09475571078600331,
    "l1_norm": 0.0006293435652614502,
    "l2_norm": 0.0003477102719329167
  },
  "best_optuna_loss": 2695.103514916245
}