{
  "dataset": "0_85",
  "fold": 0,
  "threshold": "85",
  "model": "lightgbm",
  "best_params": {
    "number_trees": 138,
    "max_tree_depth": 3,
    "boosting_type": "dart",
    "bagging_fraction": 0.5069258511454128,
    "bagging_freq": 0,
    "learning_rate": 0.9414433357440173,
    "l1_norm": 0.00025444406466388074,
    "l2_norm": 0.0004901589535510503
  },
  "best_optuna_loss": 2274.825898551174
}