{
  "dataset": "1_1",
  "fold": 1,
  "threshold": "1",
  "model": "lightgbm",
  "best_params": {
    "number_trees": 33,
    "max_tree_depth": 16,
    "boosting_type": "dart",
    "bagging_fraction": 0.7606300093096151,
    "bagging_freq": 8,
    "learning_rate": 0.23503754077038436,
    "l1_norm": 0.0002735831557123704,
    "l2_norm": 0.0008125111080644117
  },
  "best_optuna_loss": 2443.960065344317
}