{
  "dataset": "0_85",
  "fold": 0,
  "threshold": "85",
  "model": "lightgbm",
  "best_params": {
    "number_trees": 44,
    "max_tree_depth": 19,
    "boosting_type": "dart",
    "bagging_fraction": 0.6079401939585308,
    "bagging_freq": 0,
    "learning_rate": 0.5970667111474659,
    "l1_norm": 0.000188708654152735,
    "l2_norm": 3.725956710428671e-05
  },
  "best_optuna_loss": 2766.0777440423362
}