{
  "dataset": "3_85",
  "fold": 3,
  "threshold": "85",
  "model": "lightgbm",
  "best_params": {
    "number_trees": 240,
    "max_tree_depth": 19,
    "boosting_type": "dart",
    "bagging_fraction": 0.3057489858099262,
    "bagging_freq": 10,
    "learning_rate": 0.3497324426051927,
    "l1_norm": 0.0008281682121846751,
    "l2_norm": 0.0007040077148005291
  },
  "best_optuna_loss": 2444.3819529526027
}