{
  "dataset": "1_90",
  "fold": 1,
  "threshold": "90",
  "model": "lightgbm",
  "best_params": {
    "number_trees": 114,
    "max_tree_depth": 15,
    "boosting_type": "dart",
    "bagging_fraction": 0.6301277609478654,
    "bagging_freq": 5,
    "learning_rate": 0.1492571172850619,
    "l1_norm": 0.0006846751439280998,
    "l2_norm": 0.0007786856712262188
  },
  "best_optuna_loss": 2606.7996667046555
}