{
  "dataset": "4_1",
  "fold": 4,
  "threshold": "1",
  "model": "lightgbm",
  "best_params": {
    "number_trees": 159,
    "max_tree_depth": 14,
    "boosting_type": "dart",
    "bagging_fraction": 0.9436664263849314,
    "bagging_freq": 9,
    "learning_rate": 0.4528910306128001,
    "l1_norm": 0.0005610826019634029,
    "l2_norm": 0.0004211154713539086
  },
  "best_optuna_loss": 3107.526287609256
}