{
  "dataset": "1_95",
  "fold": 1,
  "threshold": "95",
  "model": "lightgbm",
  "best_params": {
    "number_trees": 81,
    "max_tree_depth": 15,
    "boosting_type": "dart",
    "bagging_fraction": 0.6510548057595585,
    "bagging_freq": 8,
    "learning_rate": 0.19610180570549968,
    "l1_norm": 0.00014456100653753137,
    "l2_norm": 0.0004270971201983755
  },
  "best_optuna_loss": 2652.4673260665772
}