{
  "dataset": "3_90",
  "fold": 3,
  "threshold": "90",
  "model": "lightgbm",
  "best_params": {
    "number_trees": 300,
    "max_tree_depth": 19,
    "boosting_type": "gbdt",
    "bagging_fraction": 0.24667202555107307,
    "bagging_freq": 1,
    "learning_rate": 0.10282973268922606,
    "l1_norm": 0.0008362955721421943,
    "l2_norm": 0.0003822679644386662
  },
  "best_optuna_loss": 2204.045969051528
}