{
  "dataset": "2_1",
  "fold": 2,
  "threshold": "1",
  "model": "lightgbm",
  "best_params": {
    "number_trees": 213,
    "max_tree_depth": 5,
    "boosting_type": "gbdt",
    "bagging_fraction": 0.529095044701238,
    "bagging_freq": 7,
    "learning_rate": 0.48182344652705306,
    "l1_norm": 0.00023311425749043542,
    "l2_norm": 0.0007541966646455807
  },
  "best_optuna_loss": 9717.92684919298
}