{
  "dataset": "0_95",
  "fold": 0,
  "threshold": "95",
  "model": "lightgbm",
  "best_params": {
    "number_trees": 195,
    "max_tree_depth": 19,
    "boosting_type": "dart",
    "bagging_fraction": 0.5742953767605596,
    "bagging_freq": 9,
    "learning_rate": 0.10421728553200342,
    "l1_norm": 0.000327460973133766,
    "l2_norm": 0.0005975844026505171
  },
  "best_optuna_loss": 2389.6937518782474
}