{
  "dataset": "3_1",
  "fold": 3,
  "threshold": "1",
  "model": "lightgbm",
  "best_params": {
    "number_trees": 295,
    "max_tree_depth": 21,
    "boosting_type": "dart",
    "bagging_fraction": 0.510985644798394,
    "bagging_freq": 9,
    "learning_rate": 0.1119426417756199,
    "l1_norm": 0.0009257656710591075,
    "l2_norm": 0.00048688698926107287
  },
  "best_optuna_loss": 1632.5304251536654
}