{
  "dataset": "3_90",
  "fold": 3,
  "threshold": "90",
  "model": "lightgbm",
  "best_params": {
    "number_trees": 145,
    "max_tree_depth": 20,
    "boosting_type": "dart",
    "bagging_fraction": 0.5341770160288712,
    "bagging_freq": 1,
    "learning_rate": 0.23741957067996575,
    "l1_norm": 0.00029336182440194397,
    "l2_norm": 0.0003255366686536676
  },
  "best_optuna_loss": 2494.1454535542935
}