{
  "dataset": "4_85",
  "fold": 4,
  "threshold": "85",
  "model": "lightgbm",
  "best_params": {
    "number_trees": 255,
    "max_tree_depth": 13,
    "boosting_type": "dart",
    "bagging_fraction": 0.8318129072844922,
    "bagging_freq": 9,
    "learning_rate": 0.9219479637742897,
    "l1_norm": 0.0003166453648668742,
    "l2_norm": 0.0009324587861489461
  },
  "best_optuna_loss": 6060.525507808698
}