{
  "dataset": "3_85",
  "fold": 3,
  "threshold": "85",
  "model": "lightgbm",
  "best_params": {
    "number_trees": 76,
    "max_tree_depth": 17,
    "boosting_type": "dart",
    "bagging_fraction": 0.27044071104566086,
    "bagging_freq": 6,
    "learning_rate": 0.2240618172681697,
    "l1_norm": 0.0003249719324421861,
    "l2_norm": 0.0003437167006613819
  },
  "best_optuna_loss": 2953.2914399201222
}