{
  "dataset": "3_95",
  "fold": 3,
  "threshold": "95",
  "model": "lightgbm",
  "best_params": {
    "number_trees": 20,
    "max_tree_depth": 25,
    "boosting_type": "gbdt",
    "bagging_fraction": 0.6175360578443074,
    "bagging_freq": 0,
    "learning_rate": 0.1259728271934275,
    "l1_norm": 0.0007056340881784609,
    "l2_norm": 0.0002919083167646058
  },
  "best_optuna_loss": 1693.802120509505
}