{
  "dataset": "4_1",
  "fold": 4,
  "threshold": "1",
  "model": "lightgbm",
  "best_params": {
    "number_trees": 121,
    "max_tree_depth": 17,
    "boosting_type": "gbdt",
    "bagging_fraction": 0.48338742066319224,
    "bagging_freq": 2,
    "learning_rate": 0.1988182225885291,
    "l1_norm": 0.0007263725423399532,
    "l2_norm": 0.0007397426324339357
  },
  "best_optuna_loss": 4863.936699849809
}