{
  "dataset": "2_1",
  "fold": 2,
  "threshold": "1",
  "model": "lightgbm",
  "best_params": {
    "number_trees": 286,
    "max_tree_depth": 7,
    "boosting_type": "dart",
    "bagging_fraction": 0.6602531121655265,
    "bagging_freq": 1,
    "learning_rate": 0.38992186546512325,
    "l1_norm": 0.0005554834327937355,
    "l2_norm": 0.00010704242989595481
  },
  "best_optuna_loss": 6025.828096865569
}