{
  "dataset": "1_95",
  "fold": 1,
  "threshold": "95",
  "model": "lightgbm",
  "best_params": {
    "number_trees": 294,
    "max_tree_depth": 24,
    "boosting_type": "dart",
    "bagging_fraction": 0.6934522777964602,
    "bagging_freq": 8,
    "learning_rate": 0.08941417257222932,
    "l1_norm": 0.0008239872063476161,
    "l2_norm": 0.0008984657672393972
  },
  "best_optuna_loss": 2621.120908736436
}