{
  "dataset": "1_1",
  "fold": 1,
  "threshold": "1",
  "model": "lightgbm",
  "best_params": {
    "number_trees": 56,
    "max_tree_depth": 20,
    "boosting_type": "gbdt",
    "bagging_fraction": 0.7807867731705885,
    "bagging_freq": 3,
    "learning_rate": 0.048708779126970456,
    "l1_norm": 0.0008468098917318924,
    "l2_norm": 0.0004988705112573873
  },
  "best_optuna_loss": 2706.58753846968
}