{
  "dataset": "1_95",
  "fold": 1,
  "threshold": "95",
  "model": "lightgbm",
  "best_params": {
    "number_trees": 179,
    "max_tree_depth": 13,
    "boosting_type": "dart",
    "bagging_fraction": 0.8147641282437166,
    "bagging_freq": 5,
    "learning_rate": 0.1395316690531084,
    "l1_norm": 0.00022466806292510336,
    "l2_norm": 0.000927073500979115
  },
  "best_optuna_loss": 2689.0726821663875
}