{
  "dataset": "0_95",
  "fold": 0,
  "threshold": "95",
  "model": "lightgbm",
  "best_params": {
    "number_trees": 203,
    "max_tree_depth": 11,
    "boosting_type": "dart",
    "bagging_fraction": 0.6477825041437706,
    "bagging_freq": 7,
    "learning_rate": 0.7053876651059148,
    "l1_norm": 6.899633521483393e-05,
    "l2_norm": 0.000954701209085599
  },
  "best_optuna_loss": 3733.105261592822
}