{
  "dataset": "0_95",
  "fold": 0,
  "threshold": "95",
  "model": "lightgbm",
  "best_params": {
    "number_trees": 194,
    "max_tree_depth": 3,
    "boosting_type": "gbdt",
    "bagging_fraction": 0.6902029136881305,
    "bagging_freq": 9,
    "learning_rate": 0.13299791936348065,
    "l1_norm": 4.056719842991294e-05,
    "l2_norm": 0.0003145356670934108
  },
  "best_optuna_loss": 3380.6504791643647
}