{
  "dataset": "4_95",
  "fold": 4,
  "threshold": "95",
  "model": "lightgbm",
  "best_params": {
    "number_trees": 82,
    "max_tree_depth": 16,
    "boosting_type": "dart",
    "bagging_fraction": 0.7789462798364896,
    "bagging_freq": 6,
    "learning_rate": 0.34060511840375746,
    "l1_norm": 0.000664715425049507,
    "l2_norm": 0.0009202957964145054
  },
  "best_optuna_loss": 2434.3506927803805
}