{
  "dataset": "4_85",
  "fold": 4,
  "threshold": "85",
  "model": "lightgbm",
  "best_params": {
    "number_trees": 263,
    "max_tree_depth": 5,
    "boosting_type": "dart",
    "bagging_fraction": 0.7665062619288464,
    "bagging_freq": 5,
    "learning_rate": 0.6691595511230981,
    "l1_norm": 0.0007343612620570935,
    "l2_norm": 6.823848569923118e-05
  },
  "best_optuna_loss": 3294.6069649305114
}