{
  "dataset": "1_85",
  "fold": 1,
  "threshold": "85",
  "model": "lightgbm",
  "best_params": {
    "number_trees": 271,
    "max_tree_depth": 17,
    "boosting_type": "dart",
    "bagging_fraction": 0.6660090804374388,
    "bagging_freq": 3,
    "learning_rate": 0.06409289192991298,
    "l1_norm": 0.0008275923579637953,
    "l2_norm": 0.0009265602133750477
  },
  "best_optuna_loss": 3987.5211135964873
}