{
  "dataset": "3_85",
  "fold": 3,
  "threshold": "85",
  "model": "lightgbm",
  "best_params": {
    "number_trees": 87,
    "max_tree_depth": 21,
    "boosting_type": "dart",
    "bagging_fraction": 0.26381450728532424,
    "bagging_freq": 10,
    "learning_rate": 0.23158080125446082,
    "l1_norm": 0.0005827581668365193,
    "l2_norm": 7.40768098275491e-05
  },
  "best_optuna_loss": 3006.627686984037
}