{
  "dataset": "4_1",
  "fold": 4,
  "threshold": "1",
  "model": "lightgbm",
  "best_params": {
    "number_trees": 216,
    "max_tree_depth": 25,
    "boosting_type": "dart",
    "bagging_fraction": 0.43231770153337945,
    "bagging_freq": 10,
    "learning_rate": 0.5067680419168324,
    "l1_norm": 0.00041308111372707375,
    "l2_norm": 0.0006849385838594175
  },
  "best_optuna_loss": 4999.483467166121
}