{
  "dataset": "0_90",
  "fold": 0,
  "threshold": "90",
  "model": "lightgbm",
  "best_params": {
    "number_trees": 159,
    "max_tree_depth": 19,
    "boosting_type": "dart",
    "bagging_fraction": 0.5261862775074756,
    "bagging_freq": 4,
    "learning_rate": 0.11636776485010861,
    "l1_norm": 0.000695071166904798,
    "l2_norm": 3.557852464374456e-05
  },
  "best_optuna_loss": 4309.605859813663
}