{
  "dataset": "0_1",
  "fold": 0,
  "threshold": "1",
  "model": "lightgbm",
  "best_params": {
    "number_trees": 198,
    "max_tree_depth": 25,
    "boosting_type": "dart",
    "bagging_fraction": 0.5610866710297324,
    "bagging_freq": 9,
    "learning_rate": 0.12870160191446509,
    "l1_norm": 0.0006362146951342616,
    "l2_norm": 0.0009228327053321479
  },
  "best_optuna_loss": 3967.6945870418404
}