{
  "dataset": "1_90",
  "fold": 1,
  "threshold": "90",
  "model": "lightgbm",
  "best_params": {
    "number_trees": 45,
    "max_tree_depth": 25,
    "boosting_type": "gbdt",
    "bagging_fraction": 0.8707486264355199,
    "bagging_freq": 4,
    "learning_rate": 0.0853006440856593,
    "l1_norm": 0.0007188360814565178,
    "l2_norm": 0.00033904998991757045
  },
  "best_optuna_loss": 2897.071931623806
}