{
  "dataset": "4_1",
  "fold": 4,
  "threshold": "1",
  "model": "lightgbm",
  "best_params": {
    "number_trees": 132,
    "max_tree_depth": 5,
    "boosting_type": "dart",
    "bagging_fraction": 0.7052262272294245,
    "bagging_freq": 1,
    "learning_rate": 0.3417351677659636,
    "l1_norm": 0.00034845560977124875,
    "l2_norm": 0.0006500763434804885
  },
  "best_optuna_loss": 2552.249037165839
}