{
  "dataset": "3_95",
  "fold": 3,
  "threshold": "95",
  "model": "lightgbm",
  "best_params": {
    "number_trees": 280,
    "max_tree_depth": 12,
    "boosting_type": "dart",
    "bagging_fraction": 0.472855899907729,
    "bagging_freq": 4,
    "learning_rate": 0.16472208560636548,
    "l1_norm": 0.000926210895354057,
    "l2_norm": 0.00023193480849169058
  },
  "best_optuna_loss": 1657.7104280195515
}