{
  "dataset": "2_1",
  "fold": 2,
  "threshold": "1",
  "model": "lightgbm",
  "best_params": {
    "number_trees": 148,
    "max_tree_depth": 10,
    "boosting_type": "gbdt",
    "bagging_fraction": 0.5861804397509793,
    "bagging_freq": 4,
    "learning_rate": 0.7933518163327927,
    "l1_norm": 0.0006491396373437553,
    "l2_norm": 0.0005684648548902016
  },
  "best_optuna_loss": 9115.568083290831
}