{
  "dataset": "2_95",
  "fold": 2,
  "threshold": "95",
  "model": "lightgbm",
  "best_params": {
    "number_trees": 110,
    "max_tree_depth": 25,
    "boosting_type": "gbdt",
    "bagging_fraction": 0.9606361692182179,
    "bagging_freq": 0,
    "learning_rate": 0.4666393977245604,
    "l1_norm": 0.00045285836630677364,
    "l2_norm": 0.00030296442821086306
  },
  "best_optuna_loss": 9376.23865984396
}