{
  "dataset": "4_1",
  "fold": 4,
  "threshold": "1",
  "model": "lightgbm",
  "best_params": {
    "number_trees": 219,
    "max_tree_depth": 10,
    "boosting_type": "dart",
    "bagging_fraction": 0.678741165112905,
    "bagging_freq": 9,
    "learning_rate": 0.5139503329169887,
    "l1_norm": 0.000535182032995956,
    "l2_norm": 0.00017549983895206114
  },
  "best_optuna_loss": 2405.8249486971727
}