{
  "dataset": "2_1",
  "fold": 2,
  "threshold": "1",
  "model": "lightgbm",
  "best_params": {
    "number_trees": 232,
    "max_tree_depth": 17,
    "boosting_type": "dart",
    "bagging_fraction": 0.6360105675387233,
    "bagging_freq": 2,
    "learning_rate": 0.954213457054707,
    "l1_norm": 0.0005258828815377652,
    "l2_norm": 0.0005477479293146875
  },
  "best_optuna_loss": 9153.7964269065
}