{
  "dataset": "4_95",
  "fold": 4,
  "threshold": "95",
  "model": "lightgbm",
  "best_params": {
    "number_trees": 273,
    "max_tree_depth": 12,
    "boosting_type": "dart",
    "bagging_fraction": 0.4962041019046141,
    "bagging_freq": 8,
    "learning_rate": 0.37311514334881535,
    "l1_norm": 0.0006345758352817371,
    "l2_norm": 8.144470910855372e-05
  },
  "best_optuna_loss": 2407.3880111845333
}