{
  "dataset": "2_90",
  "fold": 2,
  "threshold": "90",
  "model": "lightgbm",
  "best_params": {
    "number_trees": 146,
    "max_tree_depth": 4,
    "boosting_type": "gbdt",
    "bagging_fraction": 0.41538859032753656,
    "bagging_freq": 5,
    "learning_rate": 0.2754135456307518,
    "l1_norm": 0.00045764993222191134,
    "l2_norm": 1.3495906656532085e-05
  },
  "best_optuna_loss": 9079.563796799523
}