{
  "dataset": "3_1",
  "fold": 3,
  "threshold": "1",
  "model": "lightgbm",
  "best_params": {
    "number_trees": 177,
    "max_tree_depth": 14,
    "boosting_type": "dart",
    "bagging_fraction": 0.590971159033961,
    "bagging_freq": 4,
    "learning_rate": 0.13644960517027194,
    "l1_norm": 0.00019196616793481117,
    "l2_norm": 4.1172779401936143e-05
  },
  "best_optuna_loss": 1771.0853165340684
}