{
  "dataset": "2_85",
  "fold": 2,
  "threshold": "85",
  "model": "lightgbm",
  "best_params": {
    "number_trees": 287,
    "max_tree_depth": 24,
    "boosting_type": "dart",
    "bagging_fraction": 0.678574993159308,
    "bagging_freq": 2,
    "learning_rate": 0.4098806571731586,
    "l1_norm": 0.0009000522617398369,
    "l2_norm": 0.0006635925522234582
  },
  "best_optuna_loss": 9033.490202741164
}