{
  "dataset": "0_85",
  "fold": 0,
  "threshold": "85",
  "model": "lightgbm",
  "best_params": {
    "number_trees": 53,
    "max_tree_depth": 19,
    "boosting_type": "dart",
    "bagging_fraction": 0.25859635768624356,
    "bagging_freq": 6,
    "learning_rate": 0.1952919587904477,
    "l1_norm": 0.0004348844145877531,
    "l2_norm": 0.0002721317905866777
  },
  "best_optuna_loss": 4511.318810571472
}