{
  "dataset": "1_85",
  "fold": 1,
  "threshold": "85",
  "model": "lightgbm",
  "best_params": {
    "number_trees": 39,
    "max_tree_depth": 22,
    "boosting_type": "dart",
    "bagging_fraction": 0.61489782009405,
    "bagging_freq": 3,
    "learning_rate": 0.16789852752946396,
    "l1_norm": 0.0005707417481197812,
    "l2_norm": 0.00045912693969249804
  },
  "best_optuna_loss": 5573.215717960376
}