{
  "dataset": "1_1",
  "fold": 1,
  "threshold": "1",
  "model": "lightgbm",
  "best_params": {
    "number_trees": 128,
    "max_tree_depth": 7,
    "boosting_type": "gbdt",
    "bagging_fraction": 0.7294256866586222,
    "bagging_freq": 9,
    "learning_rate": 0.06450819435800126,
    "l1_norm": 0.0008698541518681801,
    "l2_norm": 0.00034487575626678007
  },
  "best_optuna_loss": 4730.277817959187
}