{
  "dataset": "1_1",
  "fold": 1,
  "threshold": "1",
  "model": "lightgbm",
  "best_params": {
    "number_trees": 90,
    "max_tree_depth": 7,
    "boosting_type": "dart",
    "bagging_fraction": 0.25798883959105195,
    "bagging_freq": 1,
    "learning_rate": 0.29973667852228486,
    "l1_norm": 5.182615080547187e-05,
    "l2_norm": 0.0006040212578897649
  },
  "best_optuna_loss": 4095.0124472519597
}