{
  "dataset": "4_95",
  "fold": 4,
  "threshold": "95",
  "model": "lightgbm",
  "best_params": {
    "number_trees": 108,
    "max_tree_depth": 6,
    "boosting_type": "dart",
    "bagging_fraction": 0.702152143891743,
    "bagging_freq": 8,
    "learning_rate": 0.4532588573444011,
    "l1_norm": 0.0008576402883325418,
    "l2_norm": 0.0009132320129236238
  },
  "best_optuna_loss": 4939.214492776925
}