{
  "dataset": "2_85",
  "fold": 2,
  "threshold": "85",
  "model": "lightgbm",
  "best_params": {
    "number_trees": 172,
    "max_tree_depth": 20,
    "boosting_type": "dart",
    "bagging_fraction": 0.806488065776237,
    "bagging_freq": 2,
    "learning_rate": 0.7736264568848668,
    "l1_norm": 0.00018474448061278715,
    "l2_norm": 0.0004694241874870695
  },
  "best_optuna_loss": 9599.977704681316
}