{
  "dataset": "3_1",
  "fold": 3,
  "threshold": "1",
  "model": "lightgbm",
  "best_params": {
    "number_trees": 132,
    "max_tree_depth": 17,
    "boosting_type": "dart",
    "bagging_fraction": 0.863736623457597,
    "bagging_freq": 1,
    "learning_rate": 0.30898186846169984,
    "l1_norm": 9.527474491753565e-06,
    "l2_norm": 0.0004308282230345845
  },
  "best_optuna_loss": 1811.5934983378218
}