{
  "dataset": "2_95",
  "fold": 2,
  "threshold": "95",
  "model": "lightgbm",
  "best_params": {
    "number_trees": 111,
    "max_tree_depth": 9,
    "boosting_type": "gbdt",
    "bagging_fraction": 0.8823971712026879,
    "bagging_freq": 5,
    "learning_rate": 0.27483206360390433,
    "l1_norm": 0.0007278159152704578,
    "l2_norm": 0.0006877058624237177
  },
  "best_optuna_loss": 6028.137978288495
}