{
  "dataset": "3_95",
  "fold": 3,
  "threshold": "95",
  "model": "lightgbm",
  "best_params": {
    "number_trees": 239,
    "max_tree_depth": 19,
    "boosting_type": "dart",
    "bagging_fraction": 0.5341018708973062,
    "bagging_freq": 2,
    "learning_rate": 0.17840475580206938,
    "l1_norm": 0.0003922182538763957,
    "l2_norm": 0.0006004460213639252
  },
  "best_optuna_loss": 1849.1123140290258
}