{
  "dataset": "0_85",
  "fold": 0,
  "threshold": "85",
  "model": "lightgbm",
  "best_params": {
    "number_trees": 252,
    "max_tree_depth": 21,
    "boosting_type": "dart",
    "bagging_fraction": 0.46422916813430687,
    "bagging_freq": 2,
    "learning_rate": 0.0841403960017377,
    "l1_norm": 4.4852748600985146e-05,
    "l2_norm": 0.00019727191645972726
  },
  "best_optuna_loss": 4256.91325530547
}