{
  "dataset": "3_85",
  "fold": 3,
  "threshold": "85",
  "model": "lightgbm",
  "best_params": {
    "number_trees": 260,
    "max_tree_depth": 7,
    "boosting_type": "dart",
    "bagging_fraction": 0.45459071884667585,
    "bagging_freq": 10,
    "learning_rate": 0.10664810834372365,
    "l1_norm": 0.00045347331628954547,
    "l2_norm": 0.0009151269047328503
  },
  "best_optuna_loss": 3236.35178897458
}