{
  "dataset": "0_85",
  "fold": 0,
  "threshold": "85",
  "model": "lightgbm",
  "best_params": {
    "number_trees": 113,
    "max_tree_depth": 20,
    "boosting_type": "dart",
    "bagging_fraction": 0.45469254616875326,
    "bagging_freq": 2,
    "learning_rate": 0.1267946188889077,
    "l1_norm": 0.0008692478671029749,
    "l2_norm": 0.0009608364696084709
  },
  "best_optuna_loss": 4754.32464979007
}