{
  "dataset": "0_1",
  "fold": 0,
  "threshold": "1",
  "model": "lightgbm",
  "best_params": {
    "number_trees": 282,
    "max_tree_depth": 24,
    "boosting_type": "dart",
    "bagging_fraction": 0.5310090771576965,
    "bagging_freq": 6,
    "learning_rate": 0.11041661896818841,
    "l1_norm": 0.0007074939068738357,
    "l2_norm": 4.9620295490784465e-05
  },
  "best_optuna_loss": 2415.676894776553
}