{
  "dataset": "2_95",
  "fold": 2,
  "threshold": "95",
  "model": "lightgbm",
  "best_params": {
    "number_trees": 264,
    "max_tree_depth": 18,
    "boosting_type": "gbdt",
    "bagging_fraction": 0.8261144977642656,
    "bagging_freq": 5,
    "learning_rate": 0.12380696592758976,
    "l1_norm": 0.0009678179248075557,
    "l2_norm": 0.0009396301213655835
  },
  "best_optuna_loss": 6024.4428775602655
}