{
  "dataset": "4_90",
  "fold": 4,
  "threshold": "90",
  "model": "lightgbm",
  "best_params": {
    "number_trees": 147,
    "max_tree_depth": 23,
    "boosting_type": "dart",
    "bagging_fraction": 0.6287219407900573,
    "bagging_freq": 2,
    "learning_rate": 0.5481273989719774,
    "l1_norm": 2.86805701685169e-05,
    "l2_norm": 0.00043295190991601514
  },
  "best_optuna_loss": 2460.012067650678
}