{
  "dataset": "1_1",
  "fold": 1,
  "threshold": "1",
  "model": "lightgbm",
  "best_params": {
    "number_trees": 20,
    "max_tree_depth": 11,
    "boosting_type": "gbdt",
    "bagging_fraction": 0.9132929250291087,
    "bagging_freq": 5,
    "learning_rate": 0.11121545696493054,
    "l1_norm": 7.33772500245727e-05,
    "l2_norm": 0.0003977218391413753
  },
  "best_optuna_loss": 2547.439535347561
}