{
  "dataset": "1_95",
  "fold": 1,
  "threshold": "95",
  "model": "lightgbm",
  "best_params": {
    "number_trees": 143,
    "max_tree_depth": 7,
    "boosting_type": "dart",
    "bagging_fraction": 0.5044318149995806,
    "bagging_freq": 0,
    "learning_rate": 0.09406877112296189,
    "l1_norm": 8.140636238100452e-05,
    "l2_norm": 0.0006169747446389135
  },
  "best_optuna_loss": 4575.091938155689
}