{
  "dataset": "4_85",
  "fold": 4,
  "threshold": "85",
  "model": "lightgbm",
  "best_params": {
    "number_trees": 274,
    "max_tree_depth": 14,
    "boosting_type": "dart",
    "bagging_fraction": 0.5714703383157205,
    "bagging_freq": 8,
    "learning_rate": 0.643428807881374,
    "l1_norm": 0.0007960232646047378,
    "l2_norm": 0.00011422068011219872
  },
  "best_optuna_loss": 3332.5712580203663
}