{
  "dataset": "2_85",
  "fold": 2,
  "threshold": "85",
  "model": "lightgbm",
  "best_params": {
    "number_trees": 216,
    "max_tree_depth": 15,
    "boosting_type": "dart",
    "bagging_fraction": 0.9662965259618201,
    "bagging_freq": 0,
    "learning_rate": 0.6308378150488286,
    "l1_norm": 0.0009115555723850486,
    "l2_norm": 0.000816597296632138
  },
  "best_optuna_loss": 8116.846495001738
}