{
  "dataset": "0_1",
  "fold": 0,
  "threshold": "1",
  "model": "lightgbm",
  "best_params": {
    "number_trees": 144,
    "max_tree_depth": 12,
    "boosting_type": "dart",
    "bagging_fraction": 0.6275878240896198,
    "bagging_freq": 8,
    "learning_rate": 0.0672045361469106,
    "l1_norm": 0.00020805284674646073,
    "l2_norm": 0.0007649666948193072
  },
  "best_optuna_loss": 2674.4639782557288
}