{
  "dataset": "4_85",
  "fold": 4,
  "threshold": "85",
  "model": "lightgbm",
  "best_params": {
    "number_trees": 226,
    "max_tree_depth": 15,
    "boosting_type": "gbdt",
    "bagging_fraction": 0.28233694836828405,
    "bagging_freq": 4,
    "learning_rate": 0.24468188488373377,
    "l1_norm": 0.000588605701239725,
    "l2_norm": 0.000896039481751598
  },
  "best_optuna_loss": 7297.377315764494
}