{
  "dataset": "3_90",
  "fold": 3,
  "threshold": "90",
  "model": "lightgbm",
  "best_params": {
    "number_trees": 278,
    "max_tree_depth": 3,
    "boosting_type": "dart",
    "bagging_fraction": 0.1707206490396384,
    "bagging_freq": 7,
    "learning_rate": 0.43237029116421355,
    "l1_norm": 0.000843550798390254,
    "l2_norm": 0.00011837486267194617
  },
  "best_optuna_loss": 4574.855772327731
}