{
  "dataset": "0_95",
  "fold": 0,
  "threshold": "95",
  "model": "lightgbm",
  "best_params": {
    "number_trees": 76,
    "max_tree_depth": 3,
    "boosting_type": "dart",
    "bagging_fraction": 0.8097505415791667,
    "bagging_freq": 5,
    "learning_rate": 0.10670491987466431,
    "l1_norm": 4.778880055496767e-05,
    "l2_norm": 0.00041866792688351336
  },
  "best_optuna_loss": 2707.164280815224
}