{
  "dataset": "1_85",
  "fold": 1,
  "threshold": "85",
  "model": "lightgbm",
  "best_params": {
    "number_trees": 52,
    "max_tree_depth": 3,
    "boosting_type": "dart",
    "bagging_fraction": 0.49460040551003437,
    "bagging_freq": 3,
    "learning_rate": 0.32990007967364754,
    "l1_norm": 0.0004877979260896177,
    "l2_norm": 0.000981764236887557
  },
  "best_optuna_loss": 3512.6140471560484
}