{
  "dataset": "1_95",
  "fold": 1,
  "threshold": "95",
  "model": "lightgbm",
  "best_params": {
    "number_trees": 58,
    "max_tree_depth": 16,
    "boosting_type": "gbdt",
    "bagging_fraction": 0.9484230379554369,
    "bagging_freq": 1,
    "learning_rate": 0.047281976618301934,
    "l1_norm": 0.00012767741447931868,
    "l2_norm": 0.0001533250787349962
  },
  "best_optuna_loss": 4051.7454898066176
}