{
  "dataset": "2_1",
  "fold": 2,
  "threshold": "1",
  "model": "lightgbm",
  "best_params": {
    "number_trees": 139,
    "max_tree_depth": 11,
    "boosting_type": "gbdt",
    "bagging_fraction": 0.7115544840721016,
    "bagging_freq": 10,
    "learning_rate": 0.1996020537775775,
    "l1_norm": 0.0004657261250273098,
    "l2_norm": 0.0001227256461906656
  },
  "best_optuna_loss": 4923.5098464140665
}