{
  "dataset": "3_95",
  "fold": 3,
  "threshold": "95",
  "model": "lightgbm",
  "best_params": {
    "number_trees": 285,
    "max_tree_depth": 7,
    "boosting_type": "dart",
    "bagging_fraction": 0.3271035168396597,
    "bagging_freq": 1,
    "learning_rate": 0.22511798306460942,
    "l1_norm": 0.0006963704901994562,
    "l2_norm": 0.000104005002897927
  },
  "best_optuna_loss": 5144.529584079115
}