{
  "dataset": "1_1",
  "fold": 1,
  "threshold": "1",
  "model": "lightgbm",
  "best_params": {
    "number_trees": 267,
    "max_tree_depth": 5,
    "boosting_type": "dart",
    "bagging_fraction": 0.5663540800428494,
    "bagging_freq": 4,
    "learning_rate": 0.13262384473175878,
    "l1_norm": 0.0004033359859600387,
    "l2_norm": 8.533517179768401e-05
  },
  "best_optuna_loss": 3962.067891331587
}