{
  "dataset": "1_95",
  "fold": 1,
  "threshold": "95",
  "model": "lightgbm",
  "best_params": {
    "number_trees": 242,
    "max_tree_depth": 12,
    "boosting_type": "dart",
    "bagging_fraction": 0.8717689647288004,
    "bagging_freq": 9,
    "learning_rate": 0.13813198771612906,
    "l1_norm": 7.493530813879216e-05,
    "l2_norm": 0.0008532168495723874
  },
  "best_optuna_loss": 3777.4554063399646
}