{
  "dataset": "4_85",
  "fold": 4,
  "threshold": "85",
  "model": "lightgbm",
  "best_params": {
    "number_trees": 93,
    "max_tree_depth": 15,
    "boosting_type": "gbdt",
    "bagging_fraction": 0.7949172930031357,
    "bagging_freq": 7,
    "learning_rate": 0.147107187760152,
    "l1_norm": 0.00019395995497402984,
    "l2_norm": 0.00024372203767950593
  },
  "best_optuna_loss": 5005.777234230346
}