{
  "dataset": "2_85",
  "fold": 2,
  "threshold": "85",
  "model": "lightgbm",
  "best_params": {
    "number_trees": 209,
    "max_tree_depth": 25,
    "boosting_type": "dart",
    "bagging_fraction": 0.9160687889024095,
    "bagging_freq": 1,
    "learning_rate": 0.07300491214600154,
    "l1_norm": 0.00043659223320531484,
    "l2_norm": 0.0004848435083897916
  },
  "best_optuna_loss": 5104.844778204437
}