{
  "dataset": "3_1",
  "fold": 3,
  "threshold": "1",
  "model": "lightgbm",
  "best_params": {
    "number_trees": 113,
    "max_tree_depth": 6,
    "boosting_type": "dart",
    "bagging_fraction": 0.5981584550312116,
    "bagging_freq": 1,
    "learning_rate": 0.22753396831671624,
    "l1_norm": 0.0008089062374430127,
    "l2_norm": 2.8224094872081453e-05
  },
  "best_optuna_loss": 5271.488902419533
}