{
  "dataset": "3_85",
  "fold": 3,
  "threshold": "85",
  "model": "lightgbm",
  "best_params": {
    "number_trees": 251,
    "max_tree_depth": 23,
    "boosting_type": "dart",
    "bagging_fraction": 0.4857752021590671,
    "bagging_freq": 6,
    "learning_rate": 0.19742771961477223,
    "l1_norm": 0.0006982402659013403,
    "l2_norm": 0.0005570234654436403
  },
  "best_optuna_loss": 5102.992194769555
}