{
  "dataset": "0_90",
  "fold": 0,
  "threshold": "90",
  "model": "lightgbm",
  "best_params": {
    "number_trees": 168,
    "max_tree_depth": 6,
    "boosting_type": "dart",
    "bagging_fraction": 0.7361738740868371,
    "bagging_freq": 10,
    "learning_rate": 0.08004758504530951,
    "l1_norm": 0.0008363253628498567,
    "l2_norm": 4.303467036776994e-05
  },
  "best_optuna_loss": 2858.9761673621506
}