{
  "dataset": "0_85",
  "fold": 0,
  "threshold": "85",
  "model": "lightgbm",
  "best_params": {
    "number_trees": 163,
    "max_tree_depth": 4,
    "boosting_type": "dart",
    "bagging_fraction": 0.7452218530969945,
    "bagging_freq": 10,
    "learning_rate": 0.07996856968973759,
    "l1_norm": 0.00025234997198888697,
    "l2_norm": 7.167039696800516e-05
  },
  "best_optuna_loss": 2882.846041683615
}