{
  "dataset": "4_1",
  "fold": 4,
  "threshold": "1",
  "model": "lightgbm",
  "best_params": {
    "number_trees": 31,
    "max_tree_depth": 3,
    "boosting_type": "gbdt",
    "bagging_fraction": 0.696418542398641,
    "bagging_freq": 10,
    "learning_rate": 0.47135205189035506,
    "l1_norm": 0.0006431708975532348,
    "l2_norm": 1.141096286914092e-06
  },
  "best_optuna_loss": 7834.588188952176
}