{
  "dataset": "4_1",
  "fold": 4,
  "threshold": "1",
  "model": "lightgbm",
  "best_params": {
    "number_trees": 150,
    "max_tree_depth": 3,
    "boosting_type": "gbdt",
    "bagging_fraction": 0.7715731109228301,
    "bagging_freq": 2,
    "learning_rate": 0.34337679027442247,
    "l1_norm": 0.0009803229589562302,
    "l2_norm": 0.0002639255719816395
  },
  "best_optuna_loss": 4724.84233660057
}