{
  "dataset": "2_95",
  "fold": 2,
  "threshold": "95",
  "model": "lightgbm",
  "best_params": {
    "number_trees": 112,
    "max_tree_depth": 17,
    "boosting_type": "dart",
    "bagging_fraction": 0.8947426070953312,
    "bagging_freq": 8,
    "learning_rate": 0.1402601893351021,
    "l1_norm": 0.0009589403919915834,
    "l2_norm": 0.0007233115120024528
  },
  "best_optuna_loss": 5485.780179931903
}