{
  "dataset": "1_90",
  "fold": 1,
  "threshold": "90",
  "model": "lightgbm",
  "best_params": {
    "number_trees": 64,
    "max_tree_depth": 4,
    "boosting_type": "dart",
    "bagging_fraction": 0.8308211027122336,
    "bagging_freq": 2,
    "learning_rate": 0.1934373672918903,
    "l1_norm": 0.00044268476988700635,
    "l2_norm": 0.0007866110022784785
  },
  "best_optuna_loss": 3481.689863259124
}