{
  "dataset": "1_1",
  "fold": 1,
  "threshold": "1",
  "model": "lightgbm",
  "best_params": {
    "number_trees": 20,
    "max_tree_depth": 18,
    "boosting_type": "gbdt",
    "bagging_fraction": 0.8056548979554653,
    "bagging_freq": 2,
    "learning_rate": 0.4299407128318887,
    "l1_norm": 0.000619096106124084,
    "l2_norm": 0.00039217661555174406
  },
  "best_optuna_loss": 3567.578894563838
}