{
  "dataset": "0_95",
  "fold": 0,
  "threshold": "95",
  "model": "lightgbm",
  "best_params": {
    "number_trees": 198,
    "max_tree_depth": 9,
    "boosting_type": "dart",
    "bagging_fraction": 0.6242679177690249,
    "bagging_freq": 1,
    "learning_rate": 0.06591318486170977,
    "l1_norm": 0.0003402001880054842,
    "l2_norm": 4.640825670126507e-05
  },
  "best_optuna_loss": 6605.933623692749
}