{
  "dataset": "3_95",
  "fold": 3,
  "threshold": "95",
  "model": "lightgbm",
  "best_params": {
    "number_trees": 180,
    "max_tree_depth": 10,
    "boosting_type": "dart",
    "bagging_fraction": 0.15755273215858834,
    "bagging_freq": 5,
    "learning_rate": 0.41258993524414755,
    "l1_norm": 0.00019540702922934392,
    "l2_norm": 0.0008626019052335136
  },
  "best_optuna_loss": 5396.2717642014
}