{
  "dataset": "4_95",
  "fold": 4,
  "threshold": "95",
  "model": "lightgbm",
  "best_params": {
    "number_trees": 94,
    "max_tree_depth": 4,
    "boosting_type": "gbdt",
    "bagging_fraction": 0.8762803025070455,
    "bagging_freq": 3,
    "learning_rate": 0.18336705065156428,
    "l1_norm": 0.0001726943066841422,
    "l2_norm": 0.0008021099544133211
  },
  "best_optuna_loss": 4523.590491547613
}