{
  "dataset": "1_85",
  "fold": 1,
  "threshold": "85",
  "model": "lightgbm",
  "best_params": {
    "number_trees": 68,
    "max_tree_depth": 5,
    "boosting_type": "gbdt",
    "bagging_fraction": 0.9107634150904887,
    "bagging_freq": 0,
    "learning_rate": 0.11357296006232631,
    "l1_norm": 0.0003582962597955703,
    "l2_norm": 8.864826364967147e-05
  },
  "best_optuna_loss": 4114.791779521272
}