{
  "dataset": "4_90",
  "fold": 4,
  "threshold": "90",
  "model": "lightgbm",
  "best_params": {
    "number_trees": 49,
    "max_tree_depth": 3,
    "boosting_type": "dart",
    "bagging_fraction": 0.9723133588073655,
    "bagging_freq": 6,
    "learning_rate": 0.906281262303184,
    "l1_norm": 9.520238458275886e-05,
    "l2_norm": 0.000600288907948442
  },
  "best_optuna_loss": 8243.724153924704
}