{
  "dataset": "2_90",
  "fold": 2,
  "threshold": "90",
  "model": "lightgbm",
  "best_params": {
    "number_trees": 119,
    "max_tree_depth": 12,
    "boosting_type": "dart",
    "bagging_fraction": 0.12451866212739533,
    "bagging_freq": 10,
    "learning_rate": 0.3226402690667718,
    "l1_norm": 0.0003052903545739945,
    "l2_norm": 0.0006526386387664751
  },
  "best_optuna_loss": 5027.048540480562
}